Tiagarajen,Samudra Boutique Hotel and Villa,6
sandro_p,Samudra Boutique Hotel and Villa,6
Yefta_I,Samudra Boutique Hotel and Villa,5.1
Regina_T_C,Samudra Boutique Hotel and Villa,4.8
Fiko_B,Samudra Boutique Hotel and Villa,5.1
Moh_S_A_H,Samudra Boutique Hotel and Villa,6
Frendika_K,Samudra Boutique Hotel and Villa,10
Regina_v,Samudra Boutique Hotel and Villa,9.7
Sintesa_D_R,Samudra Boutique Hotel and Villa,9.4
Puji_K,Samudra Boutique Hotel and Villa,9.4
Sri_P_K,ASTON Kuta Hotel & Residence,10
A_Dadi,ASTON Kuta Hotel & Residence,10
Eliyawati_E,ASTON Kuta Hotel & Residence,10
Raman_P,ASTON Kuta Hotel & Residence,10
Sheilma_A,ASTON Kuta Hotel & Residence,10
Henyzela_P,ASTON Kuta Hotel & Residence,10
Henyzela_P,ASTON Kuta Hotel & Residence,10
Mahathir_M,ASTON Kuta Hotel & Residence,9.7
Lia_S_N_A,ASTON Kuta Hotel & Residence,9.7
cipta_a,ASTON Kuta Hotel & Residence,9.7
yusuf_s_u,Sense Sunset Seminyak,9.7
Komang_B_T_0,Sense Sunset Seminyak,9.4
LISBET_S,Sense Sunset Seminyak,9.3
Tommy_K_R,Sense Sunset Seminyak,9.2
Natalia_Y_P,Sense Sunset Seminyak,9.1
reni_a,Sense Sunset Seminyak,9.1
Fendie_S_N,Sense Sunset Seminyak,8.5
Jane_F,Sense Sunset Seminyak,8.5
Akhmad_R,Sense Sunset Seminyak,8.5
Rizky_Z,Sense Sunset Seminyak,8.5
Irwan_F,Dhyana Pura City Hotel,8.8
Adhyttya_P,Dhyana Pura City Hotel,8.8
Endang_L,Dhyana Pura City Hotel,8.7
Meylinda_A_P,Dhyana Pura City Hotel,9.7
fergiyanti_i,Dhyana Pura City Hotel,9.6
Romadani_S,Dhyana Pura City Hotel,10
yunan_e_n,Dhyana Pura City Hotel,10
chris_a_t,Dhyana Pura City Hotel,9.7
Irwan_P,Dhyana Pura City Hotel,9.7
Irwan_P,Dhyana Pura City Hotel,9.7
Nur_A,Golden Tulip Jineng Resort Bali,10
Fadli_S,Golden Tulip Jineng Resort Bali,10
Sarah,Golden Tulip Jineng Resort Bali,10
nisfi_l,Golden Tulip Jineng Resort Bali,10
Tri_G,Golden Tulip Jineng Resort Bali,10
Dy_Ananta,Golden Tulip Jineng Resort Bali,10
Misla_D,Golden Tulip Jineng Resort Bali,10
Maulida_P,Golden Tulip Jineng Resort Bali,10
arsinta_c_s,Golden Tulip Jineng Resort Bali,10
Alika_N_H,Golden Tulip Jineng Resort Bali,10
Citra_N_L,Wyndham Garden Kuta Beach Bali,10
Duma_T,Wyndham Garden Kuta Beach Bali,10
Yuyun_S,Wyndham Garden Kuta Beach Bali,10
Henry_Y_G,Wyndham Garden Kuta Beach Bali,10
Dhimas_H,Wyndham Garden Kuta Beach Bali,9.7
Johanes_S,Wyndham Garden Kuta Beach Bali,9.7
Hideki_M,Wyndham Garden Kuta Beach Bali,9.7
Khasyatillah,Wyndham Garden Kuta Beach Bali,9.7
Romel_P,Wyndham Garden Kuta Beach Bali,9.7
Romel_P,Wyndham Garden Kuta Beach Bali,9.7
MUTIA,Pondok Anyar Hotel,10
DESI_T_A,Pondok Anyar Hotel,9.7
Hermawan_A,Pondok Anyar Hotel,9.7
Dian_P_P,Pondok Anyar Hotel,9.4
Rara_C,Pondok Anyar Hotel,9.4
darun_J,Pondok Anyar Hotel,8.5
Clara_z_f_P,Pondok Anyar Hotel,8.5
Inna,Pondok Anyar Hotel,8.5
Tri_W,Pondok Anyar Hotel,8.5
Hendra_P_N,Pondok Anyar Hotel,8.5
PT_Katalis_I_S,Fairfield by Marriott Bali Kuta Sunset Road,10
Meilia,Fairfield by Marriott Bali Kuta Sunset Road,10
Erni_E_S,Fairfield by Marriott Bali Kuta Sunset Road,9.7
Kefin_J,Fairfield by Marriott Bali Kuta Sunset Road,9.7
ly_marlina,Fairfield by Marriott Bali Kuta Sunset Road,9
dyna_a,Fairfield by Marriott Bali Kuta Sunset Road,8.5
Angela_L,Fairfield by Marriott Bali Kuta Sunset Road,8.5
Rahmanita,Fairfield by Marriott Bali Kuta Sunset Road,8.5
Meilia,Fairfield by Marriott Bali Kuta Sunset Road,8.5
Peter_S,Fairfield by Marriott Bali Kuta Sunset Road,6.5
Nanik_K,Atanaya Kuta Bali,10
Muntiani,Atanaya Kuta Bali,10
Yunia_K,Atanaya Kuta Bali,10
Erni_H,Atanaya Kuta Bali,10
Laila_R,Atanaya Kuta Bali,10
Eka_K,Atanaya Kuta Bali,10
Elis_C,Atanaya Kuta Bali,10
Nurul_M,Atanaya Kuta Bali,10
Maria_I,Atanaya Kuta Bali,10
Yessi_H_D,Atanaya Kuta Bali,10
Ibrahim_L_A_a,Rofa Kuta Hotel,10
Shinta_A,Rofa Kuta Hotel,10
AULIA_R,Rofa Kuta Hotel,9.7
Farah_C,Rofa Kuta Hotel,9.7
Imas_O,Rofa Kuta Hotel,9.7
Vivi_S_S,Rofa Kuta Hotel,9.4
ananta_s,Rofa Kuta Hotel,9.4
Dedev_L,Rofa Kuta Hotel,9.4
Iin_a_L,Rofa Kuta Hotel,9.1
OKKY_P_N,Rofa Kuta Hotel,9.1
Reski_P,Boutique Residence Kuta managed by The Sun Boutique Hotel,10
Reski_P,Boutique Residence Kuta managed by The Sun Boutique Hotel,9.7
wahyu_h,Boutique Residence Kuta managed by The Sun Boutique Hotel,9.4
Gde_D_S_L,Boutique Residence Kuta managed by The Sun Boutique Hotel,6
Rofik_B,Boutique Residence Kuta managed by The Sun Boutique Hotel,9.7
nissa_a,Boutique Residence Kuta managed by The Sun Boutique Hotel,9.7
Annisa_D_R,Boutique Residence Kuta managed by The Sun Boutique Hotel,9.7
Gex_A,Boutique Residence Kuta managed by The Sun Boutique Hotel,9.7
DapoL_D,Boutique Residence Kuta managed by The Sun Boutique Hotel,9.7
Stella_M_D,Boutique Residence Kuta managed by The Sun Boutique Hotel,9.4
Fika,Harper Kuta by ASTON,10
Ike_M_P,Harper Kuta by ASTON,10
Sarah,Harper Kuta by ASTON,10
Sufi_M,Harper Kuta by ASTON,10
Raissa_W_P,Harper Kuta by ASTON,10
nunung_d,Harper Kuta by ASTON,10
Gabriela_S_M,Harper Kuta by ASTON,10
Ridha_Z,Harper Kuta by ASTON,10
SITI_S,Harper Kuta by ASTON,10
Yulia_S_O,Harper Kuta by ASTON,9.7
Jones_S_p,ASTON Denpasar Hotel & Convention Center,10
Ray_S_P,ASTON Denpasar Hotel & Convention Center,10
Hendri_W,ASTON Denpasar Hotel & Convention Center,10
Nur_i_d_p,ASTON Denpasar Hotel & Convention Center,10
Octorika_S,ASTON Denpasar Hotel & Convention Center,10
Octorika_S,ASTON Denpasar Hotel & Convention Center,10
Octorika_S,ASTON Denpasar Hotel & Convention Center,10
Eu,ASTON Denpasar Hotel & Convention Center,9.7
Putu_B_W,ASTON Denpasar Hotel & Convention Center,9.7
Putu_B_W,ASTON Denpasar Hotel & Convention Center,9.4
FIFI_S,Hilton Bali Resort,10
Rizki_K_F,Hilton Bali Resort,10
Lina_H,Hilton Bali Resort,10
Peter_S,Hilton Bali Resort,10
Alexander_M,Hilton Bali Resort,10
Bagus_H_W,Hilton Bali Resort,10
Fitria_N_M,Hilton Bali Resort,10
Juli,Hilton Bali Resort,10
Ita_A,Hilton Bali Resort,10
intan_f,Hilton Bali Resort,10
Risky_L,Kuta Beach Hotel,10
Sukma_A,Kuta Beach Hotel,10
saut_m,Kuta Beach Hotel,10
Andri_S_U,Kuta Beach Hotel,10
Isnawati_F,Kuta Beach Hotel,9.7
Surya_W,Kuta Beach Hotel,9.7
Dessy_F,Kuta Beach Hotel,9.7
Yofan_H,Kuta Beach Hotel,9.7
Muhamad_M_R,Kuta Beach Hotel,9.4
Adi_S,Kuta Beach Hotel,9.3
Alexander_M,Horison Seminyak,10
Elias_B_D,Horison Seminyak,10
Yuwono_N_W,Horison Seminyak,10
mahreta,Horison Seminyak,9.4
Yulia_A,Horison Seminyak,8.5
Dewi_S,Horison Seminyak,8.5
Septenda_R_R,Horison Seminyak,8.5
Viligius_B_S,Horison Seminyak,8.5
Setiyo_S,Horison Seminyak,8.5
Tri_L,Horison Seminyak,6.2
Iqbal_S,Quest Hotel Kuta by ASTON,10
Sarah_N,Quest Hotel Kuta by ASTON,10
Irawati_D_W,Quest Hotel Kuta by ASTON,9.7
Banyuaji_W,Quest Hotel Kuta by ASTON,9.7
Rinka_A_G,Quest Hotel Kuta by ASTON,9.7
novia_r,Quest Hotel Kuta by ASTON,9.4
Dedy_A,Quest Hotel Kuta by ASTON,9.1
I_Gusti_A_D_K,Quest Hotel Kuta by ASTON,8.8
Yeni_P,Quest Hotel Kuta by ASTON,8.5
Reza_M,Quest Hotel Kuta by ASTON,8.5
diyo_f,The Kanjeng Suites & Villas Sanur,9.7
Silfiah_B,The Kanjeng Suites & Villas Sanur,9.4
Nevry_E,The Kanjeng Suites & Villas Sanur,8.8
nike_s,The Kanjeng Suites & Villas Sanur,8.6
Aida_P_P,The Kanjeng Suites & Villas Sanur,8.5
Rosa_F,The Kanjeng Suites & Villas Sanur,6.1
Raras_N,The Kanjeng Suites & Villas Sanur,6
isabella,The Kanjeng Suites & Villas Sanur,6
Rendra_R_S,The Kanjeng Suites & Villas Sanur,6
freddy_m_s,The Kanjeng Suites & Villas Sanur,6
N_Djemikan,Brits Hotel Legian,10
Putra_V_D_B,Brits Hotel Legian,10
Sefi_W,Brits Hotel Legian,10
francisca_i,Brits Hotel Legian,10
Adam_G_H_P,Brits Hotel Legian,10
almer_p,Brits Hotel Legian,10
SAPTONO,Brits Hotel Legian,10
Shella_A,Brits Hotel Legian,10
Meyske_S,Brits Hotel Legian,9.7
francisca_i,Brits Hotel Legian,9.7
yahyabudu,Primera Hotel Seminyak,9.7
Firda_U,Primera Hotel Seminyak,9.7
Fadhlillah_G_F,Primera Hotel Seminyak,9.4
Kiki_D_K,Primera Hotel Seminyak,9.1
S?m_R,Primera Hotel Seminyak,8.7
Adini_C_K,Primera Hotel Seminyak,8.5
Utami_H,Primera Hotel Seminyak,6
Lina_R,Primera Hotel Seminyak,6
Duwi_H,Primera Hotel Seminyak,5.9
Bima_B_W,Primera Hotel Seminyak,5.2
Junior_S_W,Potato Head Suites & Studios,10
Yennie_D,Potato Head Suites & Studios,10
Daniel_S,Potato Head Suites & Studios,10
Astari_M,Potato Head Suites & Studios,10
Mohammad_E_I,Potato Head Suites & Studios,10
Dina_A_P,Potato Head Suites & Studios,10
Odelia,Potato Head Suites & Studios,10
Nilam_M_S_U,Potato Head Suites & Studios,10
Wisnu_C_W,Potato Head Suites & Studios,10
Liau_M_H_C,Potato Head Suites & Studios,8.5
Nydia_A,The Sun Boutique Hotel Kuta,10
Muhammad_Z_A,The Sun Boutique Hotel Kuta,10
Shelylivianti,The Sun Boutique Hotel Kuta,9.7
Dian_s,The Sun Boutique Hotel Kuta,9.7
Herwin,The Sun Boutique Hotel Kuta,9.7
Adin_Y,The Sun Boutique Hotel Kuta,9.7
Ketut_Y_K_D,The Sun Boutique Hotel Kuta,9.7
Margareth_K_B,The Sun Boutique Hotel Kuta,9.1
Indra_G_P,The Sun Boutique Hotel Kuta,8.7
Magdalena,The Sun Boutique Hotel Kuta,8.5
Yonece_Y_O,HARRIS Hotel and Conventions Denpasar Bali,10
Bhakti_P,HARRIS Hotel and Conventions Denpasar Bali,9.7
Manan,HARRIS Hotel and Conventions Denpasar Bali,9.7
Gatut_S_W,HARRIS Hotel and Conventions Denpasar Bali,9.4
R_Azizah,HARRIS Hotel and Conventions Denpasar Bali,8.5
Bagus_O,HARRIS Hotel and Conventions Denpasar Bali,8.5
Thomas_F,HARRIS Hotel and Conventions Denpasar Bali,6.3
abu_s,HARRIS Hotel and Conventions Denpasar Bali,10
Romauli,HARRIS Hotel and Conventions Denpasar Bali,9.4
Yohannes_L_T_H,HARRIS Hotel and Conventions Denpasar Bali,8.5
rizki_a,YELLO Kuta Beachwalk Bali,10
Rusnaini,YELLO Kuta Beachwalk Bali,10
DESRY_N_R,YELLO Kuta Beachwalk Bali,10
VERA,YELLO Kuta Beachwalk Bali,10
sonya_t,YELLO Kuta Beachwalk Bali,10
Slamet,YELLO Kuta Beachwalk Bali,10
Anisa_A,YELLO Kuta Beachwalk Bali,10
Yuliana_S,YELLO Kuta Beachwalk Bali,10
Surya_P,YELLO Kuta Beachwalk Bali,10
Hellen_Y,YELLO Kuta Beachwalk Bali,10
ishmadi_t_p,The Sun Hotel & Spa,10
vanny_p,The Sun Hotel & Spa,10
Arief_R_A,The Sun Hotel & Spa,10
Anisyah_R,The Sun Hotel & Spa,10
Lestari_N,The Sun Hotel & Spa,10
Wibowo_M,The Sun Hotel & Spa,10
Lusiana_P,The Sun Hotel & Spa,9.7
Netty_H,The Sun Hotel & Spa,9.7
Lisna_L,The Sun Hotel & Spa,9.7
STENLY_L_S,The Sun Hotel & Spa,9.7
Dwi_Y_S,Sun Royal Hotel,9.7
NILA_K_D_W_L,Sun Royal Hotel,9.7
Johannes_b,Sun Royal Hotel,6.2
Natasha_E_I,Sun Royal Hotel,8.5
Miswanti,Sun Royal Hotel,8.8
Gustom_R_M,Sun Royal Hotel,9.7
Dery_Z,Sun Royal Hotel,9.7
Liu_S,Sun Royal Hotel,8.5
Yayah_K,Sun Royal Hotel,8.5
Jonhni_P,Sun Royal Hotel,8.1
Moch_I_R,Daun Bali Seminyak Hotel,8.6
Johanna_J,Daun Bali Seminyak Hotel,8.3
Kunthi_M,Daun Bali Seminyak Hotel,10
Lilys_S,Daun Bali Seminyak Hotel,8.5
Ng_T_F,Daun Bali Seminyak Hotel,8.5
Rya_A,Daun Bali Seminyak Hotel,9
Nurul_I_R_P,Daun Bali Seminyak Hotel,9.4
Septi_S,Daun Bali Seminyak Hotel,9.7
Tytania_S,Daun Bali Seminyak Hotel,8.5
Livia_N,Daun Bali Seminyak Hotel,9.7
Yudha_I,HARRIS Hotel & Residences Riverview Kuta - Bali (Associated HARRIS),10
Bellamarista_B,HARRIS Hotel & Residences Riverview Kuta - Bali (Associated HARRIS),9.7
Muhammad_R_F_S,HARRIS Hotel & Residences Riverview Kuta - Bali (Associated HARRIS),9.7
Galuh_P_D,HARRIS Hotel & Residences Riverview Kuta - Bali (Associated HARRIS),9.7
Eka_N_R,HARRIS Hotel & Residences Riverview Kuta - Bali (Associated HARRIS),9.4
Saepul_A,HARRIS Hotel & Residences Riverview Kuta - Bali (Associated HARRIS),9.1
Ilham_A,HARRIS Hotel & Residences Riverview Kuta - Bali (Associated HARRIS),8.8
Kristy_K,HARRIS Hotel & Residences Riverview Kuta - Bali (Associated HARRIS),8.5
Sarah_V_B,HARRIS Hotel & Residences Riverview Kuta - Bali (Associated HARRIS),8.5
Ferri_M,HARRIS Hotel & Residences Riverview Kuta - Bali (Associated HARRIS),6.3
Dewi_F,BEST WESTERN Kuta Villa,10
Achmad_S,BEST WESTERN Kuta Villa,10
Achmad_S,BEST WESTERN Kuta Villa,10
fernanda_s,BEST WESTERN Kuta Villa,10
Desi_H,BEST WESTERN Kuta Villa,9.7
Franky_K,BEST WESTERN Kuta Villa,9.7
Muhammad_I,BEST WESTERN Kuta Villa,9.7
Ika_S_W,BEST WESTERN Kuta Villa,9.7
Dewi_F,BEST WESTERN Kuta Villa,9.4
Gus_O,BEST WESTERN Kuta Villa,9.4
Devi_I_P,Hotel Neo Denpasar by ASTON,8.5
Yeni_P,Hotel Neo Denpasar by ASTON,8.5
Renaldo_g,Hotel Neo Denpasar by ASTON,5.2
Iskandar_I,Hotel Neo Denpasar by ASTON,8.7
Cherry_V_J,Hotel Neo Denpasar by ASTON,8.5
komang_p_a,Hotel Neo Denpasar by ASTON,10
Adrian_N_H_M,Hotel Neo Denpasar by ASTON,10
Dissa_M_B,Hotel Neo Denpasar by ASTON,9.4
Dhewiee,Hotel Neo Denpasar by ASTON,9.4
Firli_R,Hotel Neo Denpasar by ASTON,8.5
Hening_I_J,Kanvaz Village Resort Seminyak,10
Emi_S,Kanvaz Village Resort Seminyak,10
Merina_T,Kanvaz Village Resort Seminyak,9.1
Puty_M,Kanvaz Village Resort Seminyak,8.5
Fatmawati,Kanvaz Village Resort Seminyak,8.5
Nuraini_R,Kanvaz Village Resort Seminyak,8.5
uliyanti_h,Kanvaz Village Resort Seminyak,8.5
Etika_F_W,Kanvaz Village Resort Seminyak,10
SOLAR,Kanvaz Village Resort Seminyak,9.7
Alyssa_T,Kanvaz Village Resort Seminyak,9.4
Rustam_H,The ONE Legian,10
Juang_R_P,The ONE Legian,10
ogok_s,The ONE Legian,10
Angga_R_N,The ONE Legian,9.7
JOSEPHINA_K,The ONE Legian,9.7
yurida_n,The ONE Legian,9.7
Elisabeth_N,The ONE Legian,9.7
MUHAMMAD_R_S,The ONE Legian,9.7
Fitri_D_M,The ONE Legian,9.7
Evi_A_R,The ONE Legian,9.7
Eitin_R,Paragon Hotel Seminyak,10
Salsabila_K_2,Paragon Hotel Seminyak,9.7
Edy,Paragon Hotel Seminyak,9.1
Ivania,Paragon Hotel Seminyak,9.1
Asnur_I,Paragon Hotel Seminyak,8.5
Lukie_D,Paragon Hotel Seminyak,6.5
Yudha_A_C,Paragon Hotel Seminyak,6.4
rosly_r,Paragon Hotel Seminyak,5.5
rosly_r,Paragon Hotel Seminyak,5.1
krishna_b,Paragon Hotel Seminyak,9.4
Nuning_R_I,Duo Legian Hotel,9.7
Afdal,Duo Legian Hotel,9.7
narliez_s,Duo Legian Hotel,9.7
Adyastha_P_N_P,Duo Legian Hotel,9.7
intan_d_o,Duo Legian Hotel,9.7
Yudit_C,Duo Legian Hotel,9.7
OKTARIANA_P_C,Duo Legian Hotel,9.7
Yudha_P,Duo Legian Hotel,9.7
Astrid_C,Duo Legian Hotel,9.4
Casim,Duo Legian Hotel,9.4
I_P_J_A_P_B,b Hotel Bali & Spa,10
sri_y_c,b Hotel Bali & Spa,9.4
Aprilia_A_R,b Hotel Bali & Spa,9.3
Diky_F,b Hotel Bali & Spa,9.1
niluh_r,b Hotel Bali & Spa,9.1
sonny_s,b Hotel Bali & Spa,8.5
Wahyu_s,b Hotel Bali & Spa,8.5
Febrina_N,b Hotel Bali & Spa,10
Maryati,b Hotel Bali & Spa,9.7
Hamami,b Hotel Bali & Spa,8.5
Ariyadi_P,Mercure Kuta Bali,10
prastika_n_m,Mercure Kuta Bali,10
Susana_M,Mercure Kuta Bali,10
Mohamad_D_S,Mercure Kuta Bali,10
Shinta_D,Mercure Kuta Bali,9.7
Fransisca_A,Mercure Kuta Bali,9.7
Windi_A,Mercure Kuta Bali,9.7
ebta_a,Mercure Kuta Bali,9.4
Ivy_S_S,Mercure Kuta Bali,9.4
Diana_R,Mercure Kuta Bali,8.5
ade_m_s,favehotel Kuta Kartika Plaza,10
ade_m_s,favehotel Kuta Kartika Plaza,10
ade_m_s,favehotel Kuta Kartika Plaza,10
Lucia_N,favehotel Kuta Kartika Plaza,9.7
Nur_N_H_H,favehotel Kuta Kartika Plaza,9.7
Budi_S,favehotel Kuta Kartika Plaza,9.7
Aria_Z,favehotel Kuta Kartika Plaza,9.4
Made_Y,favehotel Kuta Kartika Plaza,9.1
Mega_I_R,favehotel Kuta Kartika Plaza,9
Ni_Putu_A_L_C,favehotel Kuta Kartika Plaza,8.8
Tintin_P,Prama Sanur Beach Bali,10
Mahendra_p_k,Prama Sanur Beach Bali,10
Eka_S,Prama Sanur Beach Bali,10
Ni_Luh_M_Y,Prama Sanur Beach Bali,10
Nadya_S,Prama Sanur Beach Bali,10
Kristin_N,Prama Sanur Beach Bali,10
Wilda_R,Prama Sanur Beach Bali,10
Yohana_Y,Prama Sanur Beach Bali,10
Poppy_M_M,Prama Sanur Beach Bali,10
soegik,Prama Sanur Beach Bali,10
fienny_i,Infinity8 Bali,10
Deny_H_S,Infinity8 Bali,10
Dhiany_P_A_L,Infinity8 Bali,10
Maisyaroh,Infinity8 Bali,9.7
Khenzo_G,Infinity8 Bali,9.7
ALIN_Y,Infinity8 Bali,9.7
Mathias_A,Infinity8 Bali,9.7
Yugo_W_S,Infinity8 Bali,9.7
Stephanus,Infinity8 Bali,9.4
arifa_t,Infinity8 Bali,9.4
Barbie_Q,Natya Hotel Kuta,10
Ela_R_F,Natya Hotel Kuta,10
Nurfadilah,Natya Hotel Kuta,10
onesimus_a_u,Natya Hotel Kuta,10
Imroatun_N,Natya Hotel Kuta,10
Dewi_Y_A_M,Natya Hotel Kuta,10
Sari_D,Natya Hotel Kuta,10
Unggul_S_F,Natya Hotel Kuta,10
ERNAWATI,Natya Hotel Kuta,9.7
Iwan_A,Natya Hotel Kuta,9.7
AGUNG_B_S_S,Mega Boutique Hotel & Spa,9.7
Fadhlillah_G_F,Mega Boutique Hotel & Spa,9.7
Salsabila_M_F,Mega Boutique Hotel & Spa,9.7
Riska_a,Mega Boutique Hotel & Spa,9.7
yovie_s,Mega Boutique Hotel & Spa,9.7
Arisma_N,Mega Boutique Hotel & Spa,9.7
Arisma_N,Mega Boutique Hotel & Spa,9.7
Agus_K,Mega Boutique Hotel & Spa,9.7
Didi_N_P,Mega Boutique Hotel & Spa,9.4
amelia_i,Mega Boutique Hotel & Spa,9.4
Lili_R_S,Grand Zuri Kuta Bali,10
Rivena_A,Grand Zuri Kuta Bali,10
Ardhina_F,Grand Zuri Kuta Bali,10
evita_h,Grand Zuri Kuta Bali,10
Betty_F,Grand Zuri Kuta Bali,10
Winda_E_H,Grand Zuri Kuta Bali,10
Bernard_T,Grand Zuri Kuta Bali,10
Cucuk_H,Grand Zuri Kuta Bali,10
Nitha_B,Grand Zuri Kuta Bali,10
Ika_N_C,Grand Zuri Kuta Bali,10
Herdian_P,Tijili Benoa Hotel,10
Hafizhuddin_S_W,Tijili Benoa Hotel,9.7
Fendy_P,Tijili Benoa Hotel,9.6
Etri_S,Tijili Benoa Hotel,9.4
Arif_I,Tijili Benoa Hotel,8.9
Andario_D_W,Tijili Benoa Hotel,8.8
Made_R_N,Tijili Benoa Hotel,8.5
Okaido_S,Tijili Benoa Hotel,9.7
Fergie_A,Tijili Benoa Hotel,9.7
DIAN_V_L,Tijili Benoa Hotel,9.7
Luluk_M,Hotel Neo+ Kuta - Legian by ASTON,10
Rafika_s,Hotel Neo+ Kuta - Legian by ASTON,10
Yeni_W_H,Hotel Neo+ Kuta - Legian by ASTON,10
Hening_S,Hotel Neo+ Kuta - Legian by ASTON,10
Adelia_N_I,Hotel Neo+ Kuta - Legian by ASTON,10
Selvia_H,Hotel Neo+ Kuta - Legian by ASTON,10
Yessica_M_V_L,Hotel Neo+ Kuta - Legian by ASTON,10
Lugeng_g,Hotel Neo+ Kuta - Legian by ASTON,10
Mareta_C_K,Hotel Neo+ Kuta - Legian by ASTON,10
Reni_U,Hotel Neo+ Kuta - Legian by ASTON,10
aulia_t_m,Ramada Encore by Wyndham Bali Seminyak,10
Gary_M,Ramada Encore by Wyndham Bali Seminyak,10
Yoga_A_P,Ramada Encore by Wyndham Bali Seminyak,10
Juwita_S_S,Ramada Encore by Wyndham Bali Seminyak,10
Arik,Ramada Encore by Wyndham Bali Seminyak,10
Vrina_A,Ramada Encore by Wyndham Bali Seminyak,10
melbes_h,Ramada Encore by Wyndham Bali Seminyak,10
Dean_I,Ramada Encore by Wyndham Bali Seminyak,10
Dara_S,Ramada Encore by Wyndham Bali Seminyak,10
Viktor,Ramada Encore by Wyndham Bali Seminyak,9.7
Hj_Alfiati,The Lerina Hotel Nusa Dua,10
Siti_H,The Lerina Hotel Nusa Dua,10
Sasi_A,The Lerina Hotel Nusa Dua,10
Kadek_A_D,The Lerina Hotel Nusa Dua,10
Maryati,The Lerina Hotel Nusa Dua,10
Andy_K,The Lerina Hotel Nusa Dua,9.7
Ardhina_F,The Lerina Hotel Nusa Dua,9.4
Cynthia_V_S,The Lerina Hotel Nusa Dua,9.4
Karuna_G,The Lerina Hotel Nusa Dua,9.3
I_Putu_A_W_A,The Lerina Hotel Nusa Dua,9.1
Hennie_N,Swiss-Belhotel Tuban,10
Ira_F,Swiss-Belhotel Tuban,10
Aditya_A_P,Swiss-Belhotel Tuban,10
Azis_H,Swiss-Belhotel Tuban,10
Merli_L,Swiss-Belhotel Tuban,10
maria_v,Swiss-Belhotel Tuban,10
Tyas_P,Swiss-Belhotel Tuban,9.7
Reni_z_t,Swiss-Belhotel Tuban,9.7
Rakeel_S_A,Swiss-Belhotel Tuban,9.7
Putu_S_S,Swiss-Belhotel Tuban,9.7
Mbak_L,RV Hotel Kutus Kutus,10
harry_g,RV Hotel Kutus Kutus,10
Roihatul_J,RV Hotel Kutus Kutus,9.4
inggrid_w_a,RV Hotel Kutus Kutus,8.8
Hilda_r_a,RV Hotel Kutus Kutus,8.5
Theresia_T_R,RV Hotel Kutus Kutus,8.5
Mbak_L,RV Hotel Kutus Kutus,9.1
Riyan_O,RV Hotel Kutus Kutus,9.1
Rindang_A_W,RV Hotel Kutus Kutus,8.5
Fadilah_R_A,RV Hotel Kutus Kutus,10
Yopi_A,Pullman Bali Legian Beach,10
yesica_s,Pullman Bali Legian Beach,10
Andario_D_W,Pullman Bali Legian Beach,9.7
putri_r,Pullman Bali Legian Beach,9.7
princess_w,Pullman Bali Legian Beach,9.4
Andini_M_F,Pullman Bali Legian Beach,9.4
Lana,Pullman Bali Legian Beach,6.4
Lia_A,Pullman Bali Legian Beach,6.1
Willy_T,Pullman Bali Legian Beach,6
Stefanus,Pullman Bali Legian Beach,6
Erny_W,Choice Stay Hotel Denpasar,9.7
Maria_A_B,Choice Stay Hotel Denpasar,9.7
Gede_S,Choice Stay Hotel Denpasar,9.7
teguh_k_p,Choice Stay Hotel Denpasar,9.7
Tya_M,Choice Stay Hotel Denpasar,9
Tunjung_W,Choice Stay Hotel Denpasar,8.8
Rudy_P_S,Choice Stay Hotel Denpasar,6
Erico_R_D,Choice Stay Hotel Denpasar,10
sylvia_h,Choice Stay Hotel Denpasar,9.7
M_Teguh_K,Choice Stay Hotel Denpasar,8.5
Sofyan_N,Amaris Teuku Umar Denpasar,10
Luzi_M_F,Amaris Teuku Umar Denpasar,10
Ariski_M_D,Amaris Teuku Umar Denpasar,9.6
Andi_T,Amaris Teuku Umar Denpasar,6.2
Vernowati_V,Amaris Teuku Umar Denpasar,6
Archangela,Amaris Teuku Umar Denpasar,5.7
Yenna_M,Amaris Teuku Umar Denpasar,4.8
Sisilia_m_B,Amaris Teuku Umar Denpasar,9.7
Ida_A_N_S_P,Amaris Teuku Umar Denpasar,8.5
GST_A_M_A_P,Amaris Teuku Umar Denpasar,10
Margaretha_T,POP! Hotel Kuta Beach,9.7
Margaretha_T,POP! Hotel Kuta Beach,9.7
dede_k,POP! Hotel Kuta Beach,9.7
Hanifa_M_W,POP! Hotel Kuta Beach,9.4
Pangestuti_F_A,POP! Hotel Kuta Beach,9.4
Isnawati_F,POP! Hotel Kuta Beach,9.4
IBNU_W_F,POP! Hotel Kuta Beach,9.4
Asti_O,POP! Hotel Kuta Beach,8.5
ivo_r,POP! Hotel Kuta Beach,8.5
Putut_E_F,POP! Hotel Kuta Beach,6.9
Tri_N_U,Hilton Garden Inn Bali Ngurah Rai Airport,10
Titania_K,Hilton Garden Inn Bali Ngurah Rai Airport,9.7
Firda_F_H,Hilton Garden Inn Bali Ngurah Rai Airport,9.7
Sofia_n_a,Hilton Garden Inn Bali Ngurah Rai Airport,9.7
Bahrul_U,Hilton Garden Inn Bali Ngurah Rai Airport,8.8
Rizki_N,Hilton Garden Inn Bali Ngurah Rai Airport,8.5
Edison_p_h,Hilton Garden Inn Bali Ngurah Rai Airport,8.5
Syahdan_H,Hilton Garden Inn Bali Ngurah Rai Airport,8.5
Astrid_S,Hilton Garden Inn Bali Ngurah Rai Airport,8.5
putri_p_w,Hilton Garden Inn Bali Ngurah Rai Airport,6.1
Triana,Hotel Santika Kuta,10
Sri_H_S,Hotel Santika Kuta,10
sunariati,Hotel Santika Kuta,10
Putri_P_U,Hotel Santika Kuta,9.7
Ricki_A_N,Hotel Santika Kuta,9.7
Santi_A,Hotel Santika Kuta,9.4
Awal_Y_N,Hotel Santika Kuta,9.1
Awal_Y_N,Hotel Santika Kuta,9.1
Yoga_A_H,Hotel Santika Kuta,8.8
Novita_E,Hotel Santika Kuta,8.5
Dave,Aryaduta Bali,10
Helda,Aryaduta Bali,9.7
Helda,Aryaduta Bali,9.7
Ng_Tjai_F,Aryaduta Bali,9.7
Anastas_D,Aryaduta Bali,9.7
Tommy_Y,Aryaduta Bali,10
Sim_M_L,Aryaduta Bali,9.7
Armand_D_P_I,Aryaduta Bali,9.7
Edi_A,Aryaduta Bali,9.7
Guest,Aryaduta Bali,9.7
Ririn_H,MaxOneHotels,10
Meidatama_S,MaxOneHotels,9.7
Christine_P_D,MaxOneHotels,9.1
Neneng_M,MaxOneHotels,9.1
Banuarly_R,MaxOneHotels,8.5
Made_B,MaxOneHotels,8.5
suryanto,MaxOneHotels,8.5
Agustinus_H,MaxOneHotels,5.9
irene_l_b,MaxOneHotels,9.7
Andre_A_L,MaxOneHotels,5.2
Rifka_F_S,d'primahotel Petitenget Seminyak 2,10
Olgarina_a_w,d'primahotel Petitenget Seminyak 2,9.7
Farah,d'primahotel Petitenget Seminyak 2,9.7
Dovy_F,d'primahotel Petitenget Seminyak 2,9.7
Ahmad_A,d'primahotel Petitenget Seminyak 2,9.4
Caroline_E,d'primahotel Petitenget Seminyak 2,8.5
Hordi_P_T,d'primahotel Petitenget Seminyak 2,8.5
eva_a,d'primahotel Petitenget Seminyak 2,9.7
brian_c,d'primahotel Petitenget Seminyak 2,5.8
Delano_D,d'primahotel Petitenget Seminyak 2,5.8
Fazrian_A,The Haven Bali Seminyak,10
Bunga_m_D,The Haven Bali Seminyak,10
Rief_R_S,The Haven Bali Seminyak,10
Wilda_M,The Haven Bali Seminyak,10
Krisna_A_K,The Haven Bali Seminyak,9.7
Cherry_V,The Haven Bali Seminyak,9.7
Rosmery_T,The Haven Bali Seminyak,9.7
Melanny,The Haven Bali Seminyak,9.7
Budi_M,The Haven Bali Seminyak,9.7
Muhammad_A,The Haven Bali Seminyak,9.7
septi_c_d,Hotel Amaris Kuta - Bali,10
Hendrya_H,Hotel Amaris Kuta - Bali,10
Sari_I_S,Hotel Amaris Kuta - Bali,10
dios_n,Hotel Amaris Kuta - Bali,9.6
Dora_M,Hotel Amaris Kuta - Bali,9.4
Lusmini_L,Hotel Amaris Kuta - Bali,9.4
Novita_H,Hotel Amaris Kuta - Bali,9.3
Dwi_A,Hotel Amaris Kuta - Bali,9.1
della_l,Hotel Amaris Kuta - Bali,8.5
Arif_R,Hotel Amaris Kuta - Bali,8.1
Saroji,Quest San Hotel Denpasar by ASTON,10
Rudangta_A,Quest San Hotel Denpasar by ASTON,10
Endang_P_D,Quest San Hotel Denpasar by ASTON,10
Monica_P_S,Quest San Hotel Denpasar by ASTON,10
Theresa_Z,Quest San Hotel Denpasar by ASTON,10
Muhammad_Z_A,Quest San Hotel Denpasar by ASTON,10
Husna,Quest San Hotel Denpasar by ASTON,10
Husna,Quest San Hotel Denpasar by ASTON,10
andi_c,Quest San Hotel Denpasar by ASTON,10
I_Made_R,Quest San Hotel Denpasar by ASTON,10
citra_v,Grand Livio Kuta Hotel,10
Theodorus_T,Grand Livio Kuta Hotel,9.7
Yulianto,Grand Livio Kuta Hotel,9.7
Silvi_O,Grand Livio Kuta Hotel,9.7
Dewi_T_A,Grand Livio Kuta Hotel,9.4
Achmad_A,Grand Livio Kuta Hotel,9.4
Cici_Y,Grand Livio Kuta Hotel,9.3
M_Aldin_D_A,Grand Livio Kuta Hotel,8.8
Nita_K,Grand Livio Kuta Hotel,8.7
Aulia_F,Grand Livio Kuta Hotel,8.7
Ayu_R,Hotel Santika Siligita Nusa Dua,10
Yuliani_S,Hotel Santika Siligita Nusa Dua,10
Dian_A,Hotel Santika Siligita Nusa Dua,10
Nur_S_D,Hotel Santika Siligita Nusa Dua,10
NI_WAYAN_S_S,Hotel Santika Siligita Nusa Dua,9.7
ROY_E_S,Hotel Santika Siligita Nusa Dua,9.7
Bey_A,Hotel Santika Siligita Nusa Dua,9.4
Muhammad_F,Hotel Santika Siligita Nusa Dua,9.4
nyoman_t_y_p,Hotel Santika Siligita Nusa Dua,8.9
Christina_D,Hotel Santika Siligita Nusa Dua,9.7
Irvan_N,Kutabex Beachfront Hotel,10
Nopen_N_B,Kutabex Beachfront Hotel,9.7
Jusuf_S,Kutabex Beachfront Hotel,9.7
Marisi_S,Kutabex Beachfront Hotel,9.7
Tirta_A_R,Kutabex Beachfront Hotel,9.7
Natasia,Kutabex Beachfront Hotel,9.4
Fahmi_S_S,Kutabex Beachfront Hotel,9.4
DEDI_A_M,Kutabex Beachfront Hotel,9.1
Dwi_S,Kutabex Beachfront Hotel,9.1
Ferawati_F,Kutabex Beachfront Hotel,9.1
Stefanus,AYANA Resort Bali,10
Uhung_M_A_A,AYANA Resort Bali,10
Maria_U_B_L,AYANA Resort Bali,8.5
Indria_A,AYANA Resort Bali,9.4
Diana_L,AYANA Resort Bali,8.8
Lia_M,AYANA Resort Bali,9.7
Ervina_S,AYANA Resort Bali,10
Djoko_P,AYANA Resort Bali,10
Siti_m,AYANA Resort Bali,10
endang_f,AYANA Resort Bali,10
andhini_n_f,The Westin Resort Nusa Dua,10
Cindy_N,The Westin Resort Nusa Dua,10
Suti_L,The Westin Resort Nusa Dua,10
Arif_H,The Westin Resort Nusa Dua,10
Muhammad_S,The Westin Resort Nusa Dua,9.7
Clara_S_T_&_Z,The Westin Resort Nusa Dua,9.7
Muhammad_F_R_S,The Westin Resort Nusa Dua,9.4
Hendri_A,The Westin Resort Nusa Dua,10
Teuku_Y_A_M,The Westin Resort Nusa Dua,10
Dadang_R_H,The Westin Resort Nusa Dua,10
Klarisa,Aloft Bali Kuta at Beachwalk,10
mushoffat,Aloft Bali Kuta at Beachwalk,10
Halimatus_S,Aloft Bali Kuta at Beachwalk,10
Astrid_A_N,Aloft Bali Kuta at Beachwalk,10
Achmad_A,Aloft Bali Kuta at Beachwalk,9.7
Muhammad_I,Aloft Bali Kuta at Beachwalk,9.7
Vivi_S,Aloft Bali Kuta at Beachwalk,9.7
Hyacintha_D_T,Aloft Bali Kuta at Beachwalk,9.7
Pingkan_C,Aloft Bali Kuta at Beachwalk,9.7
Tyas_P,Aloft Bali Kuta at Beachwalk,9.7
IGA_P_F,CRYSTALKUTA Hotel-Bali,10
SITI_D_H,CRYSTALKUTA Hotel-Bali,9.7
anita_f,CRYSTALKUTA Hotel-Bali,8.5
Tryani_S,CRYSTALKUTA Hotel-Bali,8.1
Annisa_R,CRYSTALKUTA Hotel-Bali,6.6
Dewa_G_I_A_N,CRYSTALKUTA Hotel-Bali,8.5
Arwin_H,CRYSTALKUTA Hotel-Bali,10
Iwan_R,CRYSTALKUTA Hotel-Bali,8.8
RONI_I_R,CRYSTALKUTA Hotel-Bali,8.5
Bambang_H,CRYSTALKUTA Hotel-Bali,8.5
Menati,The Bene Hotel Kuta,9.7
PaveL3,The Bene Hotel Kuta,9.7
Putri_N,The Bene Hotel Kuta,9.4
Lucia_C,The Bene Hotel Kuta,8.5
Iftika_P,The Bene Hotel Kuta,8.5
Dewi_S_K,The Bene Hotel Kuta,10
Laksmita_A_P,The Bene Hotel Kuta,9.7
Cicilia_J,The Bene Hotel Kuta,8.5
paristo_o_s,The Bene Hotel Kuta,10
Lilis_S,The Bene Hotel Kuta,10
sadhu_p_s,TRUNTUM KUTA (Formerly Grand Inna Kuta),10
inneke_b,TRUNTUM KUTA (Formerly Grand Inna Kuta),10
Deffy_A,TRUNTUM KUTA (Formerly Grand Inna Kuta),10
yusuf_g_r,TRUNTUM KUTA (Formerly Grand Inna Kuta),10
nur_r_z,TRUNTUM KUTA (Formerly Grand Inna Kuta),10
Verry_K,TRUNTUM KUTA (Formerly Grand Inna Kuta),10
Marsha,TRUNTUM KUTA (Formerly Grand Inna Kuta),10
ibnu_s,TRUNTUM KUTA (Formerly Grand Inna Kuta),10
Freni_R,TRUNTUM KUTA (Formerly Grand Inna Kuta),10
Aditya_S,TRUNTUM KUTA (Formerly Grand Inna Kuta),10
Andi_T,Dream of Aventus Hotel Kuta,10
Dita_A_I,Dream of Aventus Hotel Kuta,9.7
Yoseph_W,Dream of Aventus Hotel Kuta,8.5
Desi_L,Dream of Aventus Hotel Kuta,9.7
Ni_Wayan_R_U,Dream of Aventus Hotel Kuta,9.7
adam_s,Dream of Aventus Hotel Kuta,8.5
Hary_S,Dream of Aventus Hotel Kuta,9.7
Mahmud_N_S,Dream of Aventus Hotel Kuta,8.5
Aji_S_P,Dream of Aventus Hotel Kuta,10
Agus_Z,Dream of Aventus Hotel Kuta,10
Siauw_O_L,ARTOTEL Sanur Bali,9.7
Ida_L_S,ARTOTEL Sanur Bali,8.8
Bey_A,ARTOTEL Sanur Bali,8.5
indah_s,ARTOTEL Sanur Bali,8.5
Boy_L,ARTOTEL Sanur Bali,8.5
Theresia_T_S,ARTOTEL Sanur Bali,8.5
Franky_F_A_N,ARTOTEL Sanur Bali,10
Alexandra_I,ARTOTEL Sanur Bali,9.7
Abnisa_D_P,ARTOTEL Sanur Bali,8.5
Prapto_R,ARTOTEL Sanur Bali,9.7
lana_u,InterContinental Hotels BALI RESORT,9.7
Vinny_F_H,InterContinental Hotels BALI RESORT,9.4
Nur_A_T,InterContinental Hotels BALI RESORT,8.5
Kharisma_S_A,InterContinental Hotels BALI RESORT,10
ariana_i_n,InterContinental Hotels BALI RESORT,9.7
Fahmi_A,InterContinental Hotels BALI RESORT,10
Muhammad_R,InterContinental Hotels BALI RESORT,10
Steffi_S_Y,InterContinental Hotels BALI RESORT,10
Steffi_S_Y,InterContinental Hotels BALI RESORT,10
Deky_Z,InterContinental Hotels BALI RESORT,9.7
Zana_F,Grand Whiz Hotel Nusa Dua,10
moresta_v,Grand Whiz Hotel Nusa Dua,10
Johanes_S,Grand Whiz Hotel Nusa Dua,9.1
Didik_S_B_P,Grand Whiz Hotel Nusa Dua,8.5
Deni_H,Grand Whiz Hotel Nusa Dua,8.5
Dayu_P,Grand Whiz Hotel Nusa Dua,9.1
Muhammad_S,Grand Whiz Hotel Nusa Dua,9.7
Tabita,Grand Whiz Hotel Nusa Dua,9.4
Aji_E,Grand Whiz Hotel Nusa Dua,8.5
Mona_R,Grand Whiz Hotel Nusa Dua,8
Arab_M,Jambuluwuk Oceano Seminyak Hotel,9.4
Andina_R_S,Jambuluwuk Oceano Seminyak Hotel,9.1
Euis,Jambuluwuk Oceano Seminyak Hotel,8.5
Sheila_I_P,Jambuluwuk Oceano Seminyak Hotel,8.5
Puttyhayuna,Jambuluwuk Oceano Seminyak Hotel,9.1
Jessica_F_T,Jambuluwuk Oceano Seminyak Hotel,9.1
Kenang_A_S,Jambuluwuk Oceano Seminyak Hotel,8.8
Rieka_W,Jambuluwuk Oceano Seminyak Hotel,9.4
Cepi_S,Jambuluwuk Oceano Seminyak Hotel,8.5
Sri_W,Jambuluwuk Oceano Seminyak Hotel,9.7
Hilda_r_a,Hotel Santika Seminyak,10
Nanda_P,Hotel Santika Seminyak,10
Adina_A,Hotel Santika Seminyak,10
Nur_S,Hotel Santika Seminyak,10
putri_a_y,Hotel Santika Seminyak,9.7
Herlina,Hotel Santika Seminyak,9.4
Yerrie_P,Hotel Santika Seminyak,8.5
Christian_H,Hotel Santika Seminyak,10
Andri,Hotel Santika Seminyak,9.4
Dea_V_B,Hotel Santika Seminyak,9.4
Nanie_W,Siesta Legian Hotel,10
Heryana,Siesta Legian Hotel,10
Eris_S_P,Siesta Legian Hotel,9.7
Richie_A,Siesta Legian Hotel,9.7
Paulina_W_A,Siesta Legian Hotel,9.7
kurniawan_b_s,Siesta Legian Hotel,9.7
John_J,Siesta Legian Hotel,9.7
Syifa_H,Siesta Legian Hotel,9.7
APRILLIA_D_A_S,Siesta Legian Hotel,9.7
Ferawati_F,Siesta Legian Hotel,9.7
Dyah_L,Lloyd's Inn Bali,10
Yunika_L_D,Lloyd's Inn Bali,10
Lilies_R,Lloyd's Inn Bali,10
andiK_P,Lloyd's Inn Bali,10
Anggita_V,Lloyd's Inn Bali,10
Neiza_B,Lloyd's Inn Bali,10
Dewi_S,Lloyd's Inn Bali,10
Jehan_A,Lloyd's Inn Bali,10
Budi_S_A,Lloyd's Inn Bali,9.7
Caroline_M_S,Lloyd's Inn Bali,9.7
Slamet_n,The Kanjeng Hotel Kuta,10
ERIKA_D_A,The Kanjeng Hotel Kuta,9.7
Rina_F,The Kanjeng Hotel Kuta,9.7
Yonathan_G_K,The Kanjeng Hotel Kuta,9.7
Achmad_S,The Kanjeng Hotel Kuta,9.7
Anne_M_O,The Kanjeng Hotel Kuta,8.5
Luca_B,The Kanjeng Hotel Kuta,5.4
Sophia_L,The Kanjeng Hotel Kuta,8.5
ANGGUN_T,The Kanjeng Hotel Kuta,9.7
MN_Mustofa,The Kanjeng Hotel Kuta,5.7
Dini_H,HARRIS Hotel Kuta Galleria,10
Neneng_A,HARRIS Hotel Kuta Galleria,9.7
Miftakhul_J,HARRIS Hotel Kuta Galleria,9.7
Rita_H,HARRIS Hotel Kuta Galleria,9.6
Izzatur_R,HARRIS Hotel Kuta Galleria,9.1
Muhamad_n_a,HARRIS Hotel Kuta Galleria,8.5
Fitriana_O,HARRIS Hotel Kuta Galleria,6
Yoga_W,HARRIS Hotel Kuta Galleria,5.8
Dea_R_A,HARRIS Hotel Kuta Galleria,4.5
Marsaulina_P,HARRIS Hotel Kuta Galleria,9.7
Damarsasi_P,ZURI Express Jimbaran,9.7
Franika_S,ZURI Express Jimbaran,9.7
M_Irianto_M,ZURI Express Jimbaran,9.6
Aida_H,ZURI Express Jimbaran,8.5
Heriyanah,ZURI Express Jimbaran,8.5
Fery_s,ZURI Express Jimbaran,8.5
Nicho_S,ZURI Express Jimbaran,9.7
Gia_B,ZURI Express Jimbaran,10
Ibnu_K,ZURI Express Jimbaran,10
Dewi_P_T,ZURI Express Jimbaran,10
donny_m,Hotel Nikko Bali Benoa Beach,10
Robby_P_B,Hotel Nikko Bali Benoa Beach,10
Agustina,Hotel Nikko Bali Benoa Beach,9.7
Tanaka_K,Hotel Nikko Bali Benoa Beach,9.7
D_B_E_D,Hotel Nikko Bali Benoa Beach,9.7
ALIN_Y,Hotel Nikko Bali Benoa Beach,9.4
Kusmiati,Hotel Nikko Bali Benoa Beach,9.4
Brian_A_P,Hotel Nikko Bali Benoa Beach,8.5
Tya_K_A,Hotel Nikko Bali Benoa Beach,10
Chris_W,Hotel Nikko Bali Benoa Beach,9.4
Eko_B,Stark Boutique Hotel and Spa Bali,10
indiana,Stark Boutique Hotel and Spa Bali,9.7
Aisya_F_A,Stark Boutique Hotel and Spa Bali,8.5
Idam_P_W,Stark Boutique Hotel and Spa Bali,5.5
Steffie_I,Stark Boutique Hotel and Spa Bali,9.1
Senja_A_N,Stark Boutique Hotel and Spa Bali,8.5
Tabita,Stark Boutique Hotel and Spa Bali,5.8
Deny_P_M,Stark Boutique Hotel and Spa Bali,9.7
james_a,Stark Boutique Hotel and Spa Bali,9.7
Moe_Z,Stark Boutique Hotel and Spa Bali,9.7
Elya_T,Sari Villa Ubud,10
faizaturrosyidah,Sari Villa Ubud,10
Muhammad_A,Sari Villa Ubud,10
Elis_A,Sari Villa Ubud,10
Ni_Kadek_M_M,Sari Villa Ubud,10
RIZKI_N_E,Sari Villa Ubud,10
Silvi_P_I,Sari Villa Ubud,10
Sylvia_R_P_D,Sari Villa Ubud,10
Rivany_M,Sari Villa Ubud,10
Valencia_N,Sari Villa Ubud,10
Ratih_P_M,Kuta Seaview Boutique Resort,10
Faridatul_Z_S,Kuta Seaview Boutique Resort,9.7
Tata_S,Kuta Seaview Boutique Resort,9.7
komala_n,Kuta Seaview Boutique Resort,9.7
Agustina,Kuta Seaview Boutique Resort,9.1
aditya_n_m,Kuta Seaview Boutique Resort,9
agustina_t,Kuta Seaview Boutique Resort,8.8
Ninayani_D,Kuta Seaview Boutique Resort,9.4
H_Awang_D_M,Kuta Seaview Boutique Resort,9.4
Angelia_M_W,Kuta Seaview Boutique Resort,9.1
Albertus_T_S_N,Puri Dibia Hotel,9.7
Bima_B,Puri Dibia Hotel,9.4
weny_a,Puri Dibia Hotel,9.4
Mahsun_A,Puri Dibia Hotel,9.1
Halym,Puri Dibia Hotel,8.5
Suharjito,Puri Dibia Hotel,9.7
Muhammad_L,Puri Dibia Hotel,9.7
Danang_A,Puri Dibia Hotel,9.7
Sianto,Puri Dibia Hotel,9.1
salomi_y,Puri Dibia Hotel,9.1
Ayu_K_K_D_A,Sanctoo Suites & Villas at Bali Zoo,10
sherly,Sanctoo Suites & Villas at Bali Zoo,10
Endah_I_P,Sanctoo Suites & Villas at Bali Zoo,10
Lydia_J,Sanctoo Suites & Villas at Bali Zoo,10
Angger_D_F,Sanctoo Suites & Villas at Bali Zoo,10
Christiarani_R,Sanctoo Suites & Villas at Bali Zoo,9.7
Robby_S_H,Sanctoo Suites & Villas at Bali Zoo,9.7
Hikmahwati_I,Sanctoo Suites & Villas at Bali Zoo,9.7
Saras_T,Sanctoo Suites & Villas at Bali Zoo,9.4
Natalia_D,Sanctoo Suites & Villas at Bali Zoo,9.4
Melina_S,Grand Mirah Boutique Hotel,5.7
Putu_P,Grand Mirah Boutique Hotel,6.8
Adiprana_Y,Grand Mirah Boutique Hotel,8.5
ari_k,Grand Mirah Boutique Hotel,9.7
Dadi_H,Grand Mirah Boutique Hotel,9.7
Ni_M_K,Grand Mirah Boutique Hotel,9.1
Bung_R_M,Grand Mirah Boutique Hotel,9.1
Otto_P,Grand Mirah Boutique Hotel,8.5
Guest,Grand Mirah Boutique Hotel,8.5
Ruli_R_S,Grand Mirah Boutique Hotel,8.4
Yana_P,Jimbaran Bay Beach Resort & Spa by Prabhu,10
Agustin_P_W,Jimbaran Bay Beach Resort & Spa by Prabhu,10
Rosa_M_P,Jimbaran Bay Beach Resort & Spa by Prabhu,10
Elvira_V_A,Jimbaran Bay Beach Resort & Spa by Prabhu,9.7
RIZKI_N_E,Jimbaran Bay Beach Resort & Spa by Prabhu,9.7
Tia_R_A,Jimbaran Bay Beach Resort & Spa by Prabhu,9.7
yenny,Jimbaran Bay Beach Resort & Spa by Prabhu,9.1
Shinta_N_N,Jimbaran Bay Beach Resort & Spa by Prabhu,9.1
Bagus_P,Jimbaran Bay Beach Resort & Spa by Prabhu,9.1
Adrian_N,Jimbaran Bay Beach Resort & Spa by Prabhu,9.1
Dirga_S,CLV Hotel & Villa,10
Andika_R_P,CLV Hotel & Villa,10
fiqri_f_a_a,CLV Hotel & Villa,10
Johnson_T_T,CLV Hotel & Villa,9.7
Yeany_A,CLV Hotel & Villa,9.4
Putu_S_f,CLV Hotel & Villa,8.7
Santi_C,CLV Hotel & Villa,8.5
Yahya_D_K,CLV Hotel & Villa,8.5
indra_p_c,CLV Hotel & Villa,8.5
Fery_s,CLV Hotel & Villa,8.5
Felicia_V,Ramada by Wyndham Bali Sunset Road Kuta,9.7
Hendrik_G,Ramada by Wyndham Bali Sunset Road Kuta,9.3
Anti_N_O,Ramada by Wyndham Bali Sunset Road Kuta,8.7
Demetrius_R_N,Ramada by Wyndham Bali Sunset Road Kuta,6
hans_c,Ramada by Wyndham Bali Sunset Road Kuta,9.7
Tri_A_N_M,Ramada by Wyndham Bali Sunset Road Kuta,9.7
Nur_J,Ramada by Wyndham Bali Sunset Road Kuta,8.5
Efendi_L,Ramada by Wyndham Bali Sunset Road Kuta,10
susilawati,Ramada by Wyndham Bali Sunset Road Kuta,9.7
ismanu_d,Ramada by Wyndham Bali Sunset Road Kuta,8.8
Siti_F,Buana Bali Villas & Spa,10
MISWAR,Buana Bali Villas & Spa,10
Muhamad_R_N,Buana Bali Villas & Spa,9.7
muhammad_i,Buana Bali Villas & Spa,9.7
Yogi_S_N,Buana Bali Villas & Spa,9.7
ANISAH_Z_D,Buana Bali Villas & Spa,9.7
Fransiskus_d_F,Buana Bali Villas & Spa,9.7
Layla_G,Buana Bali Villas & Spa,9.7
Prabawanti_M,Buana Bali Villas & Spa,9.7
garnies_c_l,Buana Bali Villas & Spa,9.4
Dyta_H,Le Grande Bali,10
Nur_i_d_p,Le Grande Bali,10
resti_a_p,Le Grande Bali,9.7
Ayu_L,Le Grande Bali,9.1
Rosaline_N,Le Grande Bali,8.4
Rizal_B,Le Grande Bali,9.7
UTAGAWA_M,Le Grande Bali,8.5
Edwinius_P,Le Grande Bali,5.4
Erna_N_I,Le Grande Bali,9.7
EDELWEISHA_T_R,Le Grande Bali,8.8
Gusdek_P,Singaraja Hotel,9.7
Indri_C_Y,Singaraja Hotel,9.4
Dyan_D_F_F,Singaraja Hotel,9.4
Ika_H_m,Singaraja Hotel,9.1
Andre_H,Singaraja Hotel,9.1
Made_B,Singaraja Hotel,8.8
Anita_P,Singaraja Hotel,8.5
Ketut_A_S_W,Singaraja Hotel,8.5
Riyan_p,Singaraja Hotel,8.5
Andy_P,Singaraja Hotel,8.5
Priscilla_F_B,Serela Kuta by KAGUM Hotels,8.7
Moria_P,Serela Kuta by KAGUM Hotels,8.5
Anne_M_O,Serela Kuta by KAGUM Hotels,8.5
Selviana_C,Serela Kuta by KAGUM Hotels,8.5
Guest,Serela Kuta by KAGUM Hotels,6.5
Phety_V,Serela Kuta by KAGUM Hotels,6.2
Andy_K,Serela Kuta by KAGUM Hotels,5.4
Harun_A,Serela Kuta by KAGUM Hotels,4.8
Ivana_S_D_I,Serela Kuta by KAGUM Hotels,6
Yuda_P,Serela Kuta by KAGUM Hotels,4.5
Martina_A,The Tusita Hotel Bali,9.7
Thesa_M,The Tusita Hotel Bali,9.7
Ria_P_A,The Tusita Hotel Bali,9
Pepen_E,The Tusita Hotel Bali,8.5
George_H,The Tusita Hotel Bali,10
Dwi_F_C,The Tusita Hotel Bali,10
M_Kharis_f,The Tusita Hotel Bali,9.7
ANTON,The Tusita Hotel Bali,9.7
aditya_h_p,The Tusita Hotel Bali,9.1
Luca_L,The Tusita Hotel Bali,9.1
Johan,Loft Legian Hotel,9.4
Dini_W,Loft Legian Hotel,9.4
Dina_F,Loft Legian Hotel,9.1
Novriana_P,Loft Legian Hotel,8.8
Yogi_S,Loft Legian Hotel,8.5
sandi_w_p,Loft Legian Hotel,6.2
Agus_M,Loft Legian Hotel,6
Hammadya_A,Loft Legian Hotel,5.5
Trya_L,Loft Legian Hotel,5.1
Teguh_B_H,Loft Legian Hotel,6.1
Admi_D,Grand Ixora Kuta Resort,10
Deni_F,Grand Ixora Kuta Resort,10
ajeng_d,Grand Ixora Kuta Resort,9.7
Suci_L_A,Grand Ixora Kuta Resort,9.7
Ruyat,Grand Ixora Kuta Resort,9.7
petrus_b_r,Grand Ixora Kuta Resort,9.7
Ardina_L_D_P,Grand Ixora Kuta Resort,9.4
Ari_R,Grand Ixora Kuta Resort,9.1
Komang_S_P,Grand Ixora Kuta Resort,8.8
Enah_I_R,Grand Ixora Kuta Resort,8.5
Gede_A_P_S,Amaris Hotel Sunset Road,9.6
wibowo_h,Amaris Hotel Sunset Road,9.4
Erlina_S_G_P,Amaris Hotel Sunset Road,6
Heny_a_S,Amaris Hotel Sunset Road,10
Dini_H,Amaris Hotel Sunset Road,10
Rangga_G_M,Amaris Hotel Sunset Road,9.7
Arthur_R_S_T,Amaris Hotel Sunset Road,9.7
Irin_N,Amaris Hotel Sunset Road,9.7
fahrur_r,Amaris Hotel Sunset Road,9.4
shanty,Amaris Hotel Sunset Road,9.4
Henny_S,Yan's House Hotel,10
Ibnu_F,Yan's House Hotel,10
Evan_A_F,Yan's House Hotel,10
rian_y_p,Yan's House Hotel,10
Dian_S,Yan's House Hotel,9.7
hari_b_n,Yan's House Hotel,9.7
Vidya,Yan's House Hotel,9.7
GLORIA_T_U,Yan's House Hotel,9.7
Sundari,Yan's House Hotel,9.7
Yuniar_S,Yan's House Hotel,9.7
Paulus_P,Grand Istana Rama Hotel,10
oskar_a,Grand Istana Rama Hotel,10
Fifi_M,Grand Istana Rama Hotel,10
imanudin,Grand Istana Rama Hotel,9.7
Yulia_S,Grand Istana Rama Hotel,9.7
moses_s,Grand Istana Rama Hotel,9.7
Vito_A,Grand Istana Rama Hotel,9.7
trend_i,Grand Istana Rama Hotel,9.7
Sandra_D,Grand Istana Rama Hotel,9.4
octa_i,Grand Istana Rama Hotel,9.4
OFL,Hotel Indigo Bali Seminyak Beach,8.5
Yuni_Y,Hotel Indigo Bali Seminyak Beach,8.5
Suryanto_G,Hotel Indigo Bali Seminyak Beach,10
Natalia,Hotel Indigo Bali Seminyak Beach,9.7
Lolly_O,Hotel Indigo Bali Seminyak Beach,10
Guest,Hotel Indigo Bali Seminyak Beach,9.7
Elza_P,Hotel Indigo Bali Seminyak Beach,8.5
Alexander_B,Hotel Indigo Bali Seminyak Beach,9.7
Alexander_B,Hotel Indigo Bali Seminyak Beach,9.7
Aeron_R,Hotel Indigo Bali Seminyak Beach,9.1
Mayun_A_A_S,Watermark Hotel and Spa Bali,9.7
Nyoman_R_P,Watermark Hotel and Spa Bali,9.7
Asmat,Watermark Hotel and Spa Bali,9.7
Deitje_A_K,Watermark Hotel and Spa Bali,10
Hulman_R,Watermark Hotel and Spa Bali,8.5
putu_d,Watermark Hotel and Spa Bali,10
Caroline_S,Watermark Hotel and Spa Bali,10
Made_H_D_S,Watermark Hotel and Spa Bali,9.7
Susi_D_U,Watermark Hotel and Spa Bali,9.7
Wahyu_E,Watermark Hotel and Spa Bali,9.7
Nugraha_D,Four Star by Trans Hotel,10
Ronnie,Four Star by Trans Hotel,5.4
Resmi_A,Four Star by Trans Hotel,8.5
Dharma_H,Four Star by Trans Hotel,6.3
I_Gd_N_H_W,Four Star by Trans Hotel,9.4
Dony_A_D,Four Star by Trans Hotel,9.1
Fransisca_M,Four Star by Trans Hotel,8.5
Ardiansyah_D,Four Star by Trans Hotel,8.5
gusti_a_b_v_d,Four Star by Trans Hotel,9.7
Zaid_U_B,Four Star by Trans Hotel,9.7
petrus_b_r,Hotel Puri Ayu,10
Robiatul_A,Hotel Puri Ayu,9.4
Angel_P_C_J,Hotel Puri Ayu,9.4
Bambang_P,Hotel Puri Ayu,8.8
Andi_S,Hotel Puri Ayu,8.5
Maria_J,Hotel Puri Ayu,10
Musliadi,Hotel Puri Ayu,9.7
Madya_A_W,Hotel Puri Ayu,9.7
Aufi_F,Hotel Puri Ayu,9.7
Ni_Nyoman_A_S,Hotel Puri Ayu,9.7
Abdul_R,Cara Cara Inn,10
Dwi_I_L_M,Cara Cara Inn,9.7
Dwi_I_L_M,Cara Cara Inn,9.7
Den_N,Cara Cara Inn,9.7
irma_n,Cara Cara Inn,9.7
Angger_S,Cara Cara Inn,9.7
Airia,Cara Cara Inn,9.7
Airia,Cara Cara Inn,9.7
Hendra,Cara Cara Inn,9.7
Samuel_E,Cara Cara Inn,9.7
Niken_S_M,HARRIS Hotel Seminyak,10
Lutfi_H,HARRIS Hotel Seminyak,10
RIKA_K,HARRIS Hotel Seminyak,9.7
Nicck_N_K,HARRIS Hotel Seminyak,6
Adi_S,HARRIS Hotel Seminyak,5.5
Adi_S,HARRIS Hotel Seminyak,5.2
Alvita_N_H,HARRIS Hotel Seminyak,10
Jo_Josep_J,HARRIS Hotel Seminyak,10
Ronald_W_B,HARRIS Hotel Seminyak,10
Romeo_R,HARRIS Hotel Seminyak,9.7
Andhika_S,Bloo Bali Hotel,9.7
Debbi_A_P,Bloo Bali Hotel,9.7
Aulia_S,Bloo Bali Hotel,9.7
Anastassia_V_A,Bloo Bali Hotel,9.7
Anastasia_M_C,Bloo Bali Hotel,9.7
Alit_N_D,Bloo Bali Hotel,9.7
Ulfah_A_A,Bloo Bali Hotel,9.7
Arina_P,Bloo Bali Hotel,9.4
Rina_A,Bloo Bali Hotel,9.1
Ibnu_N,Bloo Bali Hotel,9.1
anggita_s,Pramana Zahill Kintamani,10
Mas_U,Pramana Zahill Kintamani,10
Vilda_d,Pramana Zahill Kintamani,10
siti_b,Pramana Zahill Kintamani,9.7
Hutami_R_H,Pramana Zahill Kintamani,9.6
Aris_U,Pramana Zahill Kintamani,9.4
Laura_C,Pramana Zahill Kintamani,9.1
Rita_L_R,Pramana Zahill Kintamani,9.1
Tubagus_N_F,Pramana Zahill Kintamani,9.1
Muhammad_H,Pramana Zahill Kintamani,8.5
Ni_Ketut_P_W,Swiss Belhotel Rainforest,9.7
aditia_w,Swiss Belhotel Rainforest,9.3
Ifit_B_A,Swiss Belhotel Rainforest,8.8
Zalfa_N,Swiss Belhotel Rainforest,8.5
Laura,Swiss Belhotel Rainforest,8.5
Andry_S,Swiss Belhotel Rainforest,6.2
NOVSE_H,Swiss Belhotel Rainforest,5.8
Finny_R_N,Swiss Belhotel Rainforest,9.7
jessica,Swiss Belhotel Rainforest,5.9
Chandra_S,Swiss Belhotel Rainforest,5.8
Indah_E_K,Hadi Poetra Hotel,10
Deni_F,Hadi Poetra Hotel,10
Nita_M,Hadi Poetra Hotel,9.7
Sisca_F,Hadi Poetra Hotel,9.7
Indrawana_Z,Hadi Poetra Hotel,9.7
Larasati_P,Hadi Poetra Hotel,9.7
Widia_R,Hadi Poetra Hotel,9.7
NURFAJAR,Hadi Poetra Hotel,9.4
A_Adhitya_H,Hadi Poetra Hotel,9.1
Diva_F,Hadi Poetra Hotel,9.1
Puput_F,PrimeBiz Hotel Kuta,10
Prasetyan_H,PrimeBiz Hotel Kuta,10
Ayu_p_U,PrimeBiz Hotel Kuta,10
anggreni,PrimeBiz Hotel Kuta,10
Dinar_R,PrimeBiz Hotel Kuta,10
Sapari_j,PrimeBiz Hotel Kuta,10
Tyas_P,PrimeBiz Hotel Kuta,9.7
Pangestuti_F_A,PrimeBiz Hotel Kuta,9.7
yana_s,PrimeBiz Hotel Kuta,9.7
AGUSTINA_T_R,PrimeBiz Hotel Kuta,9.7
Mamavinda,100 Sunset Kuta Hotel & Ballroom,10
Ela_R_F,100 Sunset Kuta Hotel & Ballroom,10
Lusi_R_D,100 Sunset Kuta Hotel & Ballroom,9.7
I_G_P_Y_P,100 Sunset Kuta Hotel & Ballroom,9.7
Tantyo_W,100 Sunset Kuta Hotel & Ballroom,9.7
Siti_R_P,100 Sunset Kuta Hotel & Ballroom,9.7
ni_putu_y_f,100 Sunset Kuta Hotel & Ballroom,9.7
Mey_K,100 Sunset Kuta Hotel & Ballroom,9.6
Puput_T_j,100 Sunset Kuta Hotel & Ballroom,9.4
Ledy_N_O,100 Sunset Kuta Hotel & Ballroom,9.4
Ryan_S,THE RIVAVI,9.7
iwan_n,THE RIVAVI,9.7
Wahyu_G,THE RIVAVI,9.7
Nurur_R_A,THE RIVAVI,9.7
agnestia_m,THE RIVAVI,9.4
Meiya_A_P,THE RIVAVI,9.1
Ruth_Y_T,THE RIVAVI,9.1
jimmy_T,THE RIVAVI,8.7
citramayang,THE RIVAVI,8.5
yahyabudu,THE RIVAVI,8.5
Muhammad_Y,Sunrise Aventus Hotel Nusa Dua,10
Gandrik_P_R,Sunrise Aventus Hotel Nusa Dua,10
Tara_A_F,Sunrise Aventus Hotel Nusa Dua,10
SRI_L,Sunrise Aventus Hotel Nusa Dua,9.7
Sulistyowarno_P,Sunrise Aventus Hotel Nusa Dua,9.7
Dayu_P,Sunrise Aventus Hotel Nusa Dua,9.4
Nur_F,Sunrise Aventus Hotel Nusa Dua,8.5
Alex_S,Sunrise Aventus Hotel Nusa Dua,8.5
Belzi,Sunrise Aventus Hotel Nusa Dua,8.5
Sudiyono_S,Sunrise Aventus Hotel Nusa Dua,8.5
Eky_S,Bakung Ubud Resort & Villa,9.7
Shirley_P_D,Bakung Ubud Resort & Villa,9.4
Eko_P,Bakung Ubud Resort & Villa,6.6
Evander_M_P,Bakung Ubud Resort & Villa,8.5
Chandra_S,Bakung Ubud Resort & Villa,4.8
Devie_A,Bakung Ubud Resort & Villa,10
Andarwati,Bakung Ubud Resort & Villa,9.7
Nita,Bakung Ubud Resort & Villa,9.7
Fahri_S_W,Bakung Ubud Resort & Villa,9.4
I_Gusti_B_S_D,Bakung Ubud Resort & Villa,9.4
Handi_U,Puri Saron Baruna Beach Cottages,10
Woro_P,Puri Saron Baruna Beach Cottages,10
Sumanata_W,Puri Saron Baruna Beach Cottages,9.7
Didik_S_B_P,Puri Saron Baruna Beach Cottages,9.1
Sunggimawan_T,Puri Saron Baruna Beach Cottages,8.5
Melani_A,Puri Saron Baruna Beach Cottages,9.7
wiwin_w,Puri Saron Baruna Beach Cottages,9.7
Tito_I_G,Puri Saron Baruna Beach Cottages,6.4
agnes_i_p,Puri Saron Baruna Beach Cottages,10
LUH_A_A,Puri Saron Baruna Beach Cottages,9.7
Heri_F,Conrad Bali,10
Meity_U,Conrad Bali,10
Nita_Y_N,Conrad Bali,9.7
Saskia_E,Conrad Bali,9.7
Dyah_W,Conrad Bali,9.7
Kenny_F_A_M,Conrad Bali,9.1
Nenny_F,Conrad Bali,8.5
Medianti_M,Conrad Bali,10
Daniel_H,Conrad Bali,9.7
Rakean_A_K_H,Conrad Bali,9.4
Lujeng_B_A,FuramaXclusive Ocean Beach Seminyak,9.4
Isman_A_A,FuramaXclusive Ocean Beach Seminyak,9.1
Mega_A_B,FuramaXclusive Ocean Beach Seminyak,8.8
Chindy_A,FuramaXclusive Ocean Beach Seminyak,8.7
Devi_M,FuramaXclusive Ocean Beach Seminyak,8.5
laksmi_p,FuramaXclusive Ocean Beach Seminyak,8.5
Budi_D,FuramaXclusive Ocean Beach Seminyak,8.5
Zizik_m,FuramaXclusive Ocean Beach Seminyak,8.5
Adhisara_K,FuramaXclusive Ocean Beach Seminyak,8.5
L_A,FuramaXclusive Ocean Beach Seminyak,8.6
Gst_P_D_P,Boss Legian Powered by Archipelago,9.7
Ariezal_W_L,Boss Legian Powered by Archipelago,9.7
Ratna_P_K,Boss Legian Powered by Archipelago,9.7
Iglesia_R_V,Boss Legian Powered by Archipelago,9.4
Oktarini_E_A,Boss Legian Powered by Archipelago,9.4
Salwa_B,Boss Legian Powered by Archipelago,9.4
Linda_y,Boss Legian Powered by Archipelago,9.4
Rofiah,Boss Legian Powered by Archipelago,9.4
Cecep_T,Boss Legian Powered by Archipelago,9.1
Adi_S,Boss Legian Powered by Archipelago,9.1
sensen_e,Fashion Hotel Legian,10
Tifany_F,Fashion Hotel Legian,9.7
Belia_S_K,Fashion Hotel Legian,9.7
Risa_a_e,Fashion Hotel Legian,9.4
Belia_S_K,Fashion Hotel Legian,9.3
Septi_D_A,Fashion Hotel Legian,8.8
Umi_A,Fashion Hotel Legian,8.5
Helena_M,Fashion Hotel Legian,8.5
diansyah,Fashion Hotel Legian,8.5
cv_radi_j_m,Fashion Hotel Legian,6.4
Edrina_P_S,Sofitel Bali Nusa Dua Beach Resort,10
Febiola_A_R_L,Sofitel Bali Nusa Dua Beach Resort,9.4
Reza_P,Sofitel Bali Nusa Dua Beach Resort,8.4
Agni_P_A,Sofitel Bali Nusa Dua Beach Resort,10
Giovandy_D,Sofitel Bali Nusa Dua Beach Resort,9.7
Rinawati_P,Sofitel Bali Nusa Dua Beach Resort,8.5
Adinda_d_L,Sofitel Bali Nusa Dua Beach Resort,10
Afaf,Sofitel Bali Nusa Dua Beach Resort,9.7
Indri_J,Sofitel Bali Nusa Dua Beach Resort,9.7
Robby_S,Sofitel Bali Nusa Dua Beach Resort,9.7
Putri_W,Fourteen Roses Boutique Hotel Kuta,10
Marisi_S,Fourteen Roses Boutique Hotel Kuta,9.7
yuniati_i_k,Fourteen Roses Boutique Hotel Kuta,9.7
Eriska_C,Fourteen Roses Boutique Hotel Kuta,9.7
ACHMAD_F,Fourteen Roses Boutique Hotel Kuta,9.4
ACHMAD_F,Fourteen Roses Boutique Hotel Kuta,9.1
Andre_H,Fourteen Roses Boutique Hotel Kuta,8.5
Widya_Z,Fourteen Roses Boutique Hotel Kuta,8.4
Kartika,Fourteen Roses Boutique Hotel Kuta,9
Giang_T_M_H,Fourteen Roses Boutique Hotel Kuta,9.7
Liem_S_L,Sun Island Hotel & Spa Kuta,5.1
Lisza_N,Sun Island Hotel & Spa Kuta,9.7
Sri_R,Sun Island Hotel & Spa Kuta,10
Andreas_S,Sun Island Hotel & Spa Kuta,9.7
elgie_m,Sun Island Hotel & Spa Kuta,9.7
Edi_s,Sun Island Hotel & Spa Kuta,9.4
vera_f,Sun Island Hotel & Spa Kuta,9.1
Yustiti_K,Sun Island Hotel & Spa Kuta,8.8
Afnizon,Sun Island Hotel & Spa Kuta,8.5
Lisa_R,Sun Island Hotel & Spa Kuta,8.5
Sartika_M,Kamaniiya Hotel Petitenget Seminyak,10
Asmat,Kamaniiya Hotel Petitenget Seminyak,10
Puput_S,Kamaniiya Hotel Petitenget Seminyak,10
Nanang_Z,Kamaniiya Hotel Petitenget Seminyak,9.7
fadlan_a,Kamaniiya Hotel Petitenget Seminyak,9.1
Krista_A,Kamaniiya Hotel Petitenget Seminyak,9.1
REB,Kamaniiya Hotel Petitenget Seminyak,8.5
Rosaliya_D,Kamaniiya Hotel Petitenget Seminyak,8.5
Rachel_D,Kamaniiya Hotel Petitenget Seminyak,8.5
Eli_I,Kamaniiya Hotel Petitenget Seminyak,7
Zia_Y,Sheraton Bali Kuta Resort,10
Santi_m,Sheraton Bali Kuta Resort,10
Christina_E_H,Sheraton Bali Kuta Resort,10
Ni_Putu_N,Sheraton Bali Kuta Resort,10
marlyn_s,Sheraton Bali Kuta Resort,9.7
Arumsari_S_P,Sheraton Bali Kuta Resort,9.7
Yeni_F,Sheraton Bali Kuta Resort,8.5
Hendi_R_P_P,Sheraton Bali Kuta Resort,10
Hadi_R,Sheraton Bali Kuta Resort,10
Nanditya_W,Sheraton Bali Kuta Resort,10
Fajar_p_s,Spazzio Bali Hotel,8.5
Benaya_N_B,Spazzio Bali Hotel,5.5
DEDI_S,Spazzio Bali Hotel,5.2
Dava_I,Spazzio Bali Hotel,8.5
Andika_C,Spazzio Bali Hotel,8.5
Andika_C,Spazzio Bali Hotel,8.5
Theresia,Spazzio Bali Hotel,6.3
MATHEOS_T,Spazzio Bali Hotel,10
Reza_Y,Spazzio Bali Hotel,10
Dhimas_A,Spazzio Bali Hotel,9.7
Adi_P,J Hotel Kuta,10
Mahsun_A,J Hotel Kuta,9.7
Pangestuti_F_A,J Hotel Kuta,9.7
Mochamad_a,J Hotel Kuta,9.7
lisa,J Hotel Kuta,9.7
Thivanny_E_A,J Hotel Kuta,9.7
Yohanes_W,J Hotel Kuta,9.4
Johan,J Hotel Kuta,9.4
Ch_Setyaningsih,J Hotel Kuta,9.4
Tesalonika_Y_T,J Hotel Kuta,9.4
Fitria_D,Grand Hyatt Bali,10
Martiningsih,Grand Hyatt Bali,10
Asmat,Grand Hyatt Bali,9.7
Sutini_S,Grand Hyatt Bali,9.7
citra,Grand Hyatt Bali,9.6
Lina_M,Grand Hyatt Bali,9.6
Tutut_I_S,Grand Hyatt Bali,9.4
herru_S,Grand Hyatt Bali,9.4
Johan_P_P,Grand Hyatt Bali,9.4
Tomas,Grand Hyatt Bali,9.4
Fitria_D,Bedrock Hotel Kuta Bali,10
Martiningsih,Bedrock Hotel Kuta Bali,10
Asmat,Bedrock Hotel Kuta Bali,9.7
Sutini_S,Bedrock Hotel Kuta Bali,9.7
citra,Bedrock Hotel Kuta Bali,9.6
Lina_M,Bedrock Hotel Kuta Bali,9.6
Tutut_I_S,Bedrock Hotel Kuta Bali,9.4
herru_S,Bedrock Hotel Kuta Bali,9.4
Johan_P_P,Bedrock Hotel Kuta Bali,9.4
Tomas,Bedrock Hotel Kuta Bali,9.4
Yesi,THE 1O1 Bali Oasis Sanur,10
Riska_N,THE 1O1 Bali Oasis Sanur,9.7
Frisca_D_P,THE 1O1 Bali Oasis Sanur,9.7
Jose_R_D_S,THE 1O1 Bali Oasis Sanur,9.7
Ridha_F,THE 1O1 Bali Oasis Sanur,9.7
Arthur_P,THE 1O1 Bali Oasis Sanur,9.7
Zulfirany_S,THE 1O1 Bali Oasis Sanur,9.4
dian_k,THE 1O1 Bali Oasis Sanur,9.4
Julian_A_S,THE 1O1 Bali Oasis Sanur,9.1
Herfiana,THE 1O1 Bali Oasis Sanur,8.7
anwar,Mamaka by Ovolo,10
Bontor_I_F_S,Mamaka by Ovolo,10
Sumaryono_T,Mamaka by Ovolo,9.7
Gunawan_H,Mamaka by Ovolo,9.7
Hermanus_J,Mamaka by Ovolo,9.7
chery_p_A_s,Mamaka by Ovolo,9.7
Tyas_P,Mamaka by Ovolo,9.7
ACHMADEF,Mamaka by Ovolo,9
I_M_B_D_D_L_P_S,Mamaka by Ovolo,8.5
sonny_s,Mamaka by Ovolo,8.5
Ratih_S,Fame Hotel Sunset Road Kuta Bali,10
yudha_i,Fame Hotel Sunset Road Kuta Bali,10
Raden_B_P,Fame Hotel Sunset Road Kuta Bali,9.7
Lidiyawati,Fame Hotel Sunset Road Kuta Bali,9.7
Herlina_s,Fame Hotel Sunset Road Kuta Bali,9.7
MIKE_S,Fame Hotel Sunset Road Kuta Bali,9.7
dania_e_o,Fame Hotel Sunset Road Kuta Bali,9.7
Oktavia,Fame Hotel Sunset Road Kuta Bali,9.7
Edwin_C_C_T,Fame Hotel Sunset Road Kuta Bali,9.7
Ahnaf_K_L,Fame Hotel Sunset Road Kuta Bali,9.7
Abdala_R,favehotel Sunset Seminyak,10
Bunga_A_W,favehotel Sunset Seminyak,10
Indri_D_A,favehotel Sunset Seminyak,9.7
Wetiisti,favehotel Sunset Seminyak,9.7
Isminarti_W,favehotel Sunset Seminyak,9.7
darmayanti,favehotel Sunset Seminyak,9.7
Sintia,favehotel Sunset Seminyak,9.7
Anisya_B_S,favehotel Sunset Seminyak,9.7
Sinta_W,favehotel Sunset Seminyak,9.4
Tina_M,favehotel Sunset Seminyak,9.4
Euis,Episode Kuta Bali,10
Retno_P_S,Episode Kuta Bali,10
Mohamad_D_H,Episode Kuta Bali,10
Shinta_H_S,Episode Kuta Bali,10
Ani_N_Q,Episode Kuta Bali,10
Evelyn_G,Episode Kuta Bali,10
Nurul_F,Episode Kuta Bali,10
Lutfi_H,Episode Kuta Bali,10
Prisca_W,Episode Kuta Bali,10
Chrismastuti,Episode Kuta Bali,10
Shafira_E,Liberta Hotel Seminyak,9.7
Fuji_M,Liberta Hotel Seminyak,9.7
yunita_p,Liberta Hotel Seminyak,9.4
Jesica_L,Liberta Hotel Seminyak,9.4
IVA_A_V,Liberta Hotel Seminyak,9.1
Raih_A,Liberta Hotel Seminyak,8.5
Eka_S_W,Liberta Hotel Seminyak,8.5
Elizabeth_M_K,Liberta Hotel Seminyak,6.5
Reza_A_P,Liberta Hotel Seminyak,6
Rizki_M_R,Liberta Hotel Seminyak,9.1
Febriany_N,Holiday Inn BALI SANUR,9.4
inggrid_w_a,Holiday Inn BALI SANUR,8.5
Fandy_K_P,Holiday Inn BALI SANUR,8.5
larasasih_j,Holiday Inn BALI SANUR,8.5
Darwin_S,Holiday Inn BALI SANUR,10
Aulia_M,Holiday Inn BALI SANUR,9.7
Stefhanie_M,Holiday Inn BALI SANUR,9.4
Halim_L,Holiday Inn BALI SANUR,9.4
beny_t,Holiday Inn BALI SANUR,9.1
Bonny_S_T,Holiday Inn BALI SANUR,9.1
Dewi_U_F,Hotel Dafam Savvoya Seminyak,10
ogok_s,Hotel Dafam Savvoya Seminyak,9.7
rendy_p,Hotel Dafam Savvoya Seminyak,9.3
Redina_A,Hotel Dafam Savvoya Seminyak,8.9
Fisena_H,Hotel Dafam Savvoya Seminyak,8.8
Iman_H_M,Hotel Dafam Savvoya Seminyak,8.8
Endang_t_d,Hotel Dafam Savvoya Seminyak,8.5
anju_f,Hotel Dafam Savvoya Seminyak,8.4
Wiwik_S_W,Hotel Dafam Savvoya Seminyak,8.2
Supriyadi,Hotel Dafam Savvoya Seminyak,6.8
Mira_T,Angkul Angkul Segara Beach Kuta,10
Jessica_I_S,Angkul Angkul Segara Beach Kuta,9.7
Aira_H,Angkul Angkul Segara Beach Kuta,9.7
Yusup_S,Angkul Angkul Segara Beach Kuta,9.7
Peggy_H_A,Angkul Angkul Segara Beach Kuta,9.7
Dikha_A,Angkul Angkul Segara Beach Kuta,9.7
Iman_F,Angkul Angkul Segara Beach Kuta,9.7
Febriani_N_F,Angkul Angkul Segara Beach Kuta,9.7
ASEP_M,Angkul Angkul Segara Beach Kuta,9.7
Debby_L,Angkul Angkul Segara Beach Kuta,9.7
dhinott_c,Kuta Central Park Hotel,10
Chrismastuti,Kuta Central Park Hotel,10
Subandi,Kuta Central Park Hotel,10
Hendri_Y,Kuta Central Park Hotel,9.7
Arsono,Kuta Central Park Hotel,9.7
Hevie_A_P,Kuta Central Park Hotel,8.8
Windi_R,Kuta Central Park Hotel,8.5
Yhasinta_H_A,Kuta Central Park Hotel,8.5
MURI_L_I_L,Kuta Central Park Hotel,4.5
calvin_w,Kuta Central Park Hotel,10
Lusi_A,Sanur Agung Hotel,9.7
schelin_s,Sanur Agung Hotel,9.7
Indro_S,Sanur Agung Hotel,9.4
Susianti_L,Sanur Agung Hotel,9.1
Mega_P,Sanur Agung Hotel,8.8
sisca_s,Sanur Agung Hotel,6.3
Viki_P_L,Sanur Agung Hotel,5.4
Vu_Thi_H,Sanur Agung Hotel,8.8
Sadashiva_K,Sanur Agung Hotel,8
Flindra_F,Sanur Agung Hotel,4.8
Tiara_O,Grand Palace Hotel Sanur - Bali,10
Kinta_H,Grand Palace Hotel Sanur - Bali,9.7
John_P,Grand Palace Hotel Sanur - Bali,9.7
Fajar_S_A,Grand Palace Hotel Sanur - Bali,9.4
Wahyu_s,Grand Palace Hotel Sanur - Bali,8.5
Bambang_S,Grand Palace Hotel Sanur - Bali,5.8
Dedy_H_F,Grand Palace Hotel Sanur - Bali,8.5
Gek_A_T_L,Grand Palace Hotel Sanur - Bali,10
ERIK_Y_P,Grand Palace Hotel Sanur - Bali,10
I_Nyoman_D,Grand Palace Hotel Sanur - Bali,9.7
Stefanus,The Kuta Beach Heritage Hotel Bali - Managed by Accor,10
Yulita_R_S,The Kuta Beach Heritage Hotel Bali - Managed by Accor,10
Martinda_I_P,The Kuta Beach Heritage Hotel Bali - Managed by Accor,8.5
Adinda_P,The Kuta Beach Heritage Hotel Bali - Managed by Accor,8.5
Tomy_H,The Kuta Beach Heritage Hotel Bali - Managed by Accor,9.7
Danny_M,The Kuta Beach Heritage Hotel Bali - Managed by Accor,9.4
Hans_C,The Kuta Beach Heritage Hotel Bali - Managed by Accor,8.5
Susie_W,The Kuta Beach Heritage Hotel Bali - Managed by Accor,10
Melinda_F,The Kuta Beach Heritage Hotel Bali - Managed by Accor,10
DINI_N,The Kuta Beach Heritage Hotel Bali - Managed by Accor,10
Cucu_N_R,The Rani Hotel & Spa,10
Veronica_E_N,The Rani Hotel & Spa,9.7
Luh_E_S,The Rani Hotel & Spa,9.7
Irene_R,The Rani Hotel & Spa,8.5
M_Ghozi_A,The Rani Hotel & Spa,9.7
ratih_a,The Rani Hotel & Spa,8.5
sumber_a_u,The Rani Hotel & Spa,10
Ngadimin_N,The Rani Hotel & Spa,9.7
Benny_B,The Rani Hotel & Spa,9.7
Yermida_U,The Rani Hotel & Spa,9.7
Achmad_F,Abian Harmony Hotel & Spa,9.7
I_Nyoman_A_W,Abian Harmony Hotel & Spa,8.9
Dew,Abian Harmony Hotel & Spa,8.8
Galahitiyawa_B_R_T_G,Abian Harmony Hotel & Spa,6.7
Nia_K,Abian Harmony Hotel & Spa,5.7
Supri_S,Abian Harmony Hotel & Spa,5.4
Awi_B,Abian Harmony Hotel & Spa,8.5
Dewi_P,Abian Harmony Hotel & Spa,9.1
Naomi_C,Abian Harmony Hotel & Spa,8.8
Budiari_S,Abian Harmony Hotel & Spa,8.5
Ajeng_F_M,Novotel Bali Ngurah Rai Airport,9.4
Sidakarya_P,Novotel Bali Ngurah Rai Airport,9.3
Juliani_S,Novotel Bali Ngurah Rai Airport,9.7
Juliani_S,Novotel Bali Ngurah Rai Airport,9.7
ivon_s,Novotel Bali Ngurah Rai Airport,9.7
Sheng_M_K,Novotel Bali Ngurah Rai Airport,9.4
Johan_V,Novotel Bali Ngurah Rai Airport,9.4
Alfrets_F_L,Novotel Bali Ngurah Rai Airport,9.1
Ira_U,Novotel Bali Ngurah Rai Airport,8.5
Lisa_l,Novotel Bali Ngurah Rai Airport,8.5
Ahmad_W,Lovina Beach Club & Resort,10
Dewangga_P,Lovina Beach Club & Resort,9.7
Yudi_K,Lovina Beach Club & Resort,9.7
Peter,Lovina Beach Club & Resort,9.1
Fitri_L,Lovina Beach Club & Resort,8.8
Nur_F,Lovina Beach Club & Resort,8.5
Arie_F,Lovina Beach Club & Resort,8.5
siti_h,Lovina Beach Club & Resort,8.5
Nuke_A,Lovina Beach Club & Resort,8.5
Mira_P,Lovina Beach Club & Resort,10
Joko_S,EDEN Hotel Kuta Bali,10
Senni_R,EDEN Hotel Kuta Bali,10
Nurhayati,EDEN Hotel Kuta Bali,9.7
ANDI_Q_A_S_M_L,EDEN Hotel Kuta Bali,9.7
Ririn_R,EDEN Hotel Kuta Bali,9.7
Santi_P_D,EDEN Hotel Kuta Bali,9.4
Sheni_N,EDEN Hotel Kuta Bali,8.8
Rosda_W,EDEN Hotel Kuta Bali,8.5
Helda,EDEN Hotel Kuta Bali,8.5
Dennis_K,EDEN Hotel Kuta Bali,8.5
DEDY_W_K,J4 Hotels Legian,10
Suci_P,J4 Hotels Legian,9.7
Dwi_W,J4 Hotels Legian,8.8
Adi_S,J4 Hotels Legian,4.5
Susi_S_T,J4 Hotels Legian,9.1
Ayuningrum_N,J4 Hotels Legian,9.6
agus_p,J4 Hotels Legian,9.4
Alfiatul_M,J4 Hotels Legian,8.5
Indri_A_A_N_W,J4 Hotels Legian,8.5
Rina_A,J4 Hotels Legian,10
Sanfo_S,Amaris Hotel Dewi Sri,10
lstianingrum_K_m,Amaris Hotel Dewi Sri,9.7
Muhammad_R,Amaris Hotel Dewi Sri,8.4
Muhammad_I_K,Amaris Hotel Dewi Sri,6.5
Hendri_P,Amaris Hotel Dewi Sri,6.1
bambang_s,Amaris Hotel Dewi Sri,10
Suryani,Amaris Hotel Dewi Sri,9.7
Chelsea_F_D,Amaris Hotel Dewi Sri,9.7
Nur_E,Amaris Hotel Dewi Sri,9.7
Lo_Ridwan_S,Amaris Hotel Dewi Sri,9.7
Ashari_R,Mars City Hotel,9.7
Akhirul_A,Mars City Hotel,9.4
Denny_P_M,Mars City Hotel,9.4
Putu_H_W,Mars City Hotel,9.1
Putu_H_W,Mars City Hotel,9.1
stefani_s_r,Mars City Hotel,9.1
moreta_y,Mars City Hotel,5.6
Laksmita_A_W,Mars City Hotel,5.4
Sienny_M,Mars City Hotel,5.1
Putu_L_K,Mars City Hotel,9.7
gardhika_a_n,FOX Hotel Jimbaran Beach,10
Eva_H,FOX Hotel Jimbaran Beach,10
Eugenia_A,FOX Hotel Jimbaran Beach,10
Edy_s,FOX Hotel Jimbaran Beach,10
Erning_F,FOX Hotel Jimbaran Beach,9.7
Dian_F,FOX Hotel Jimbaran Beach,9.7
Ravinsky_S_P,FOX Hotel Jimbaran Beach,9.7
noviyanti_a,FOX Hotel Jimbaran Beach,9.7
Ledi_F_S,FOX Hotel Jimbaran Beach,9.7
Harjono_S,FOX Hotel Jimbaran Beach,9.7
Ervina_N_F,Kuta Paradiso Hotel,10
Dimas_F_A,Kuta Paradiso Hotel,10
tutun_c,Kuta Paradiso Hotel,10
Yopi_A,Kuta Paradiso Hotel,9.7
Muhammad_R,Kuta Paradiso Hotel,9.1
Sugeng_R_C,Kuta Paradiso Hotel,6.2
Benediktus_A,Kuta Paradiso Hotel,8.4
Saparuddin,Kuta Paradiso Hotel,9.7
Nuke_A,Kuta Paradiso Hotel,8.7
Wiliam_O_M,Kuta Paradiso Hotel,6
Livia_S,ASTON Canggu Beach Resort,10
Livia_S,ASTON Canggu Beach Resort,10
Yanuba_N,ASTON Canggu Beach Resort,10
Minarni_A,ASTON Canggu Beach Resort,10
Apran_K,ASTON Canggu Beach Resort,10
Septia_A_H,ASTON Canggu Beach Resort,10
Aidha_M,ASTON Canggu Beach Resort,10
siti_n,ASTON Canggu Beach Resort,9.1
HENDRA_T,ASTON Canggu Beach Resort,8.5
oelay_o,ASTON Canggu Beach Resort,8.5
Angger_S,Tribe Bali Kuta Beach,10
Dewi_W,Tribe Bali Kuta Beach,10
Mys_N,Tribe Bali Kuta Beach,10
Tiauw_H,Tribe Bali Kuta Beach,10
iwing_f_i,Tribe Bali Kuta Beach,10
A_Gita_H,Tribe Bali Kuta Beach,10
Zenali_Z,Tribe Bali Kuta Beach,10
KINz,Tribe Bali Kuta Beach,9.7
Zuhria_A,Tribe Bali Kuta Beach,9.7
Elizabeth_P,Tribe Bali Kuta Beach,9
Inne_S_D,Grand Kuta Hotel & Residence,10
Wahyuni,Grand Kuta Hotel & Residence,9.7
Leliana_F,Grand Kuta Hotel & Residence,9.7
Thony_S,Grand Kuta Hotel & Residence,9.4
Aji_K,Grand Kuta Hotel & Residence,9.1
Ikyen_R_W,Grand Kuta Hotel & Residence,8.8
Latifah,Grand Kuta Hotel & Residence,8.5
Beny_A,Grand Kuta Hotel & Residence,9.7
Harry,Grand Kuta Hotel & Residence,9.4
Dewi,Grand Kuta Hotel & Residence,8.5
rita_s,Hotel Zia Bali - Kuta,10
agnes_d_a,Hotel Zia Bali - Kuta,10
Sella_A_B_S,Hotel Zia Bali - Kuta,10
Bagus_S_P,Hotel Zia Bali - Kuta,9.7
ujang_s,Hotel Zia Bali - Kuta,9.7
Feirriza_R,Hotel Zia Bali - Kuta,9.7
Imay_M,Hotel Zia Bali - Kuta,9.7
Mega_I_R,Hotel Zia Bali - Kuta,9.7
Riska_e_w,Hotel Zia Bali - Kuta,9.7
SUTOTO,Hotel Zia Bali - Kuta,9.7
Brigitta_S,Casananta Seminyak,10
Arwinda_J,Casananta Seminyak,9.7
Tegar,Casananta Seminyak,8.8
rini_l_r,Casananta Seminyak,8.5
Budi_A_T,Casananta Seminyak,9.7
Nguyen_A_T,Casananta Seminyak,9.7
Imam_B,Casananta Seminyak,8.5
Juwita_M_O_T,Casananta Seminyak,10
Tias_A_S,Casananta Seminyak,9.7
indri_g,Casananta Seminyak,9.7
Rida_N_Y,The Kanjeng Suites Petitenget,9.7
Khoirul_F,The Kanjeng Suites Petitenget,9.7
Sintia,The Kanjeng Suites Petitenget,9.7
Cici_Y,The Kanjeng Suites Petitenget,9.4
Erik_A,The Kanjeng Suites Petitenget,8.8
Roni_S,The Kanjeng Suites Petitenget,8.8
Azzura_G_O,The Kanjeng Suites Petitenget,6.4
Yudha_H_S,The Kanjeng Suites Petitenget,6.1
Kadek_D_K_H,The Kanjeng Suites Petitenget,6.1
Indra_N,The Kanjeng Suites Petitenget,5.8
abdul_g,Bintang Kuta Hotel,9.7
Juli,Bintang Kuta Hotel,9.7
Charles_J,Bintang Kuta Hotel,10
Asep_B_L,Bintang Kuta Hotel,10
FREDERICH_V_Y_K,Bintang Kuta Hotel,10
Andri_P_L,Bintang Kuta Hotel,9.7
Etty_M,Bintang Kuta Hotel,9.7
Lupita_C_K,Bintang Kuta Hotel,9.7
Metta_C,Bintang Kuta Hotel,9.7
Septian_E_P,Bintang Kuta Hotel,9.6
Bernard_P_S,Pandawa Hill Resort,10
Gloria_S,Pandawa Hill Resort,10
dwi_d,Pandawa Hill Resort,10
Muhammad_A,Pandawa Hill Resort,9.7
Hariansyah,Pandawa Hill Resort,9.7
Aris_A,Pandawa Hill Resort,9.7
FRISCA_V_H,Pandawa Hill Resort,9.7
Nur_F,Pandawa Hill Resort,9.4
Putu_Y_F_D,Pandawa Hill Resort,9.4
Noor_D_S,Pandawa Hill Resort,9.1
Mareta_C,Bali Rani Hotel,10
TEWARI_S,Bali Rani Hotel,9.1
i_dewa_m_s_f,Bali Rani Hotel,8.5
I_Putu_A_W_N,Bali Rani Hotel,10
Jusni_S,Bali Rani Hotel,10
Christian_H,Bali Rani Hotel,9.7
Hanifah_A,Bali Rani Hotel,9.7
Febrina_Y,Bali Rani Hotel,9.7
Febrianto_S,Bali Rani Hotel,9.7
Citra_A,Bali Rani Hotel,9.7
Siti_M,ABISHA Hotel Sanur,9.7
Mikhael_R_G_P,ABISHA Hotel Sanur,9.7
Gwen_T,ABISHA Hotel Sanur,9.7
a_astrid_r,ABISHA Hotel Sanur,9.4
Leni,ABISHA Hotel Sanur,9.4
Mega_C_S,ABISHA Hotel Sanur,8.8
Nurul_Y_S_B_G,ABISHA Hotel Sanur,8.5
Liza_P_F,ABISHA Hotel Sanur,5.1
Ni_Kadek_Y,ABISHA Hotel Sanur,4.8
Louis_L_B,ABISHA Hotel Sanur,10
Tannu_I,Bliss Surfer Hotel by Tritama Hospitality,10
Jayadi_E_S,Bliss Surfer Hotel by Tritama Hospitality,10
Aprelia_S_S,Bliss Surfer Hotel by Tritama Hospitality,9.7
ok_maryanto,Bliss Surfer Hotel by Tritama Hospitality,9.7
Danny_F,Bliss Surfer Hotel by Tritama Hospitality,9.7
Ricky_Z,Bliss Surfer Hotel by Tritama Hospitality,9.7
William,Bliss Surfer Hotel by Tritama Hospitality,9.7
Jayadi_E_S,Bliss Surfer Hotel by Tritama Hospitality,9.7
Irma_F,Bliss Surfer Hotel by Tritama Hospitality,9.7
Anita_R_S,Bliss Surfer Hotel by Tritama Hospitality,9.4
Mieta_A,Bali Golden Elephant,9.4
Avie_N,Bali Golden Elephant,8.9
Aswoto_S,Bali Golden Elephant,8.5
Nurul_F_A_B,Bali Golden Elephant,8.5
Erly_A,Bali Golden Elephant,8.5
Cokorda_I_M_P,Bali Golden Elephant,5.4
susi_h,Bali Golden Elephant,5.4
Hajar_P_S,Bali Golden Elephant,9.1
Andi_H_K_S,Bali Golden Elephant,9.7
Bayu_H,Bali Golden Elephant,9.4
Widyameta_N_K,Grand Sinar Indah Hotel,10
THERESA_A_K,Grand Sinar Indah Hotel,9.7
Cathy_P,Grand Sinar Indah Hotel,9.7
Linda_M,Grand Sinar Indah Hotel,9.4
Jeckleen_f_N_D,Grand Sinar Indah Hotel,8.5
Siti_Z,Grand Sinar Indah Hotel,8.5
MARGRET_R_M,Grand Sinar Indah Hotel,8.5
NI_PUTU_S_D,Grand Sinar Indah Hotel,8.5
nia_n,Grand Sinar Indah Hotel,8.5
Endang_t_d,Grand Sinar Indah Hotel,8.5
Zulfiqar_F_L,Febri's Hotel & Spa,9.7
ayudia_s_p,Febri's Hotel & Spa,9.7
Ayu_A,Febri's Hotel & Spa,9.4
Tiagu,Febri's Hotel & Spa,8.5
Irlani_K,Febri's Hotel & Spa,10
Zuroida_F_M,Febri's Hotel & Spa,10
Kukuh_P_W,Febri's Hotel & Spa,9.7
Safitri,Febri's Hotel & Spa,9.7
ade_a_p,Febri's Hotel & Spa,9.7
Natalya_M_M,Febri's Hotel & Spa,9.4
Gungun_G,Mercure Bali Legian,8.8
Dewi_C_S,Mercure Bali Legian,5.3
regina_n,Mercure Bali Legian,8.5
Sri_P_A,Mercure Bali Legian,9.7
Rustam_M,Mercure Bali Legian,9.7
nopy_c_p,Mercure Bali Legian,9.7
Vitorio_S,Mercure Bali Legian,8.8
endang,Mercure Bali Legian,9.7
Supriadi_S_M,Mercure Bali Legian,9.7
Alda_A,Mercure Bali Legian,9.7
Yhayha_R,Amaris Hotel Pratama Nusa Dua,9.7
Wel_N,Amaris Hotel Pratama Nusa Dua,8.8
vidyani_a,Amaris Hotel Pratama Nusa Dua,8.5
Heni_S,Amaris Hotel Pratama Nusa Dua,8.5
Dedi_F,Amaris Hotel Pratama Nusa Dua,8.5
Herlina_T,Amaris Hotel Pratama Nusa Dua,8.5
Yanto,Amaris Hotel Pratama Nusa Dua,8.1
Anna_C,Amaris Hotel Pratama Nusa Dua,10
Mohammad_S,Amaris Hotel Pratama Nusa Dua,10
Mohammad_S,Amaris Hotel Pratama Nusa Dua,10
Lorry_H_N,The Capital Hotel and Resort Seminyak,9.7
Ni_Nyoman_S,The Capital Hotel and Resort Seminyak,9.6
Raymond_H,The Capital Hotel and Resort Seminyak,8.7
Kevin_S,The Capital Hotel and Resort Seminyak,8.5
Yuni_A,The Capital Hotel and Resort Seminyak,8.5
iRENE_G,The Capital Hotel and Resort Seminyak,8.5
eko_s,The Capital Hotel and Resort Seminyak,6.2
Fiqhi_A,The Capital Hotel and Resort Seminyak,5.1
Gregorius_S,The Capital Hotel and Resort Seminyak,9.4
Greta_S,The Capital Hotel and Resort Seminyak,5.5
Rinna_I,Troppo Zone Puri Rama Resort,9.7
erva_s,Troppo Zone Puri Rama Resort,9.1
Shandy_P_O,Troppo Zone Puri Rama Resort,8.8
randy_a_r,Troppo Zone Puri Rama Resort,8.8
IKE_R_M,Troppo Zone Puri Rama Resort,8.5
eka_w,Troppo Zone Puri Rama Resort,6.4
Tian,Troppo Zone Puri Rama Resort,5.9
Rahmat_I_P,Troppo Zone Puri Rama Resort,5.8
Denis_R,Troppo Zone Puri Rama Resort,9.7
Arapa_E,Troppo Zone Puri Rama Resort,5.2
Kirana,Coco De Heaven,9.7
Muhammad_R,Coco De Heaven,9.7
Stefanus_S,Coco De Heaven,9.1
YAYI_P_N_R,Coco De Heaven,9.1
Dita_H,Coco De Heaven,8.5
rina_t,Coco De Heaven,9.7
Phoek_P,Coco De Heaven,9.7
joey_e,Coco De Heaven,9.7
Ikbaludin_I,Coco De Heaven,8.5
Rio_U,Coco De Heaven,9.7
DEDEN_Z_M,The Akmani Legian,10
Ayu_N,The Akmani Legian,9.7
M_Zaenuddin,The Akmani Legian,9.7
Hidayat_H,The Akmani Legian,9.7
Margaretha_A,The Akmani Legian,9.4
robertus_b_p,The Akmani Legian,9.4
Ni_Wayan_N_A,The Akmani Legian,9.3
Crisdian_W,The Akmani Legian,9.1
Febry_P_D,The Akmani Legian,9.1
Adi_S,The Akmani Legian,8.8
RIA_A,Candi Beach Resort and Spa,10
Vilda_d,Candi Beach Resort and Spa,10
Wetiisti,Candi Beach Resort and Spa,9.4
Andreanu_E_l,Candi Beach Resort and Spa,9.4
Tham_A_K,Candi Beach Resort and Spa,9.4
Vilda_d,Candi Beach Resort and Spa,10
Cika_D_T,Candi Beach Resort and Spa,8.5
kusnadi,Candi Beach Resort and Spa,8.5
kusnadi,Candi Beach Resort and Spa,10
Yoyok_A_W,Candi Beach Resort and Spa,10
Ririn_n,Cozy Stay Hotel Bali by ARM Hospitality,10
Ratu_A_A_J_B,Cozy Stay Hotel Bali by ARM Hospitality,9.7
Aulia_R,Cozy Stay Hotel Bali by ARM Hospitality,9.7
Nadira_P_P,Cozy Stay Hotel Bali by ARM Hospitality,9.4
Ulfian_D,Cozy Stay Hotel Bali by ARM Hospitality,9.4
Alit_A,Cozy Stay Hotel Bali by ARM Hospitality,9.4
Vriska_a,Cozy Stay Hotel Bali by ARM Hospitality,9.4
Heru_S,Cozy Stay Hotel Bali by ARM Hospitality,9.4
Rudy_W,Cozy Stay Hotel Bali by ARM Hospitality,9.1
Irvan_A_J,Cozy Stay Hotel Bali by ARM Hospitality,9.1
Nadia_A,Brown Feather Boutique Hotel,9.7
Madeline_d,Brown Feather Boutique Hotel,9.1
sarawut_h,Brown Feather Boutique Hotel,10
Eliza_V,Brown Feather Boutique Hotel,10
Dicky_A,Brown Feather Boutique Hotel,8.8
ardi_r,Brown Feather Boutique Hotel,8.5
Edward_C_A_P,Brown Feather Boutique Hotel,8.5
Marannu_M,Brown Feather Boutique Hotel,9.4
Putra_R,Brown Feather Boutique Hotel,9.1
Tan_Q_L_S,Brown Feather Boutique Hotel,10
Meggy_T_M,Grand Mercure Bali Seminyak,9.4
Junaidi_A,Grand Mercure Bali Seminyak,10
Jason_J_S,Grand Mercure Bali Seminyak,9.7
Lilik,Grand Mercure Bali Seminyak,9.4
dila_s,Grand Mercure Bali Seminyak,9.4
Andreas_S,Grand Mercure Bali Seminyak,9.1
Fanny_M_A,Grand Mercure Bali Seminyak,9.1
Yenny_A,Grand Mercure Bali Seminyak,8.3
Novita_K_D,Grand Mercure Bali Seminyak,5.6
muhammad_c_p,Grand Mercure Bali Seminyak,8.7
Livia_p_s,Rhadana Kuta,10
Lely_P,Rhadana Kuta,10
Atik_S,Rhadana Kuta,10
Dian_A_P,Rhadana Kuta,10
Dinny_A,Rhadana Kuta,10
Suyanli_M,Rhadana Kuta,9.7
DENI_I,Rhadana Kuta,9.7
Muthmainnah,Rhadana Kuta,9.7
Miftahul_I,Rhadana Kuta,9.7
Mr_SALIJO,Rhadana Kuta,9.7
Sany_B,The Kanjeng Hotel Legian,8.8
Xarisman_W_S,The Kanjeng Hotel Legian,5.2
Faridah_S,The Kanjeng Hotel Legian,9.7
Okviawarni_E,The Kanjeng Hotel Legian,9.4
Larasati_P,The Kanjeng Hotel Legian,9.4
Arya_E_P,The Kanjeng Hotel Legian,8.8
Lionardo_C,The Kanjeng Hotel Legian,8.8
darta_p,The Kanjeng Hotel Legian,8.8
agung_s,The Kanjeng Hotel Legian,8.7
fredika_n,The Kanjeng Hotel Legian,8.5
Rumenta_G_F,Mvenpick Resort & Spa Jimbaran Bali,9.7
Yudhi_H,Mvenpick Resort & Spa Jimbaran Bali,5.4
Tantia_T,Mvenpick Resort & Spa Jimbaran Bali,9.7
Dwi_L,Mvenpick Resort & Spa Jimbaran Bali,8.5
corry_m_l,Mvenpick Resort & Spa Jimbaran Bali,10
Rieka_W,Mvenpick Resort & Spa Jimbaran Bali,9.7
Cut_P_M,Mvenpick Resort & Spa Jimbaran Bali,8.5
Rizky_M,Mvenpick Resort & Spa Jimbaran Bali,10
Attin_R,Mvenpick Resort & Spa Jimbaran Bali,10
Elly_A,Mvenpick Resort & Spa Jimbaran Bali,10
Adnin_M_A,Conjioo Hotel Kuta (Formerly Instyle Hotel),10
Riki_R,Conjioo Hotel Kuta (Formerly Instyle Hotel),10
M_Akbar_A,Conjioo Hotel Kuta (Formerly Instyle Hotel),9.7
widyana_r,Conjioo Hotel Kuta (Formerly Instyle Hotel),9.7
Narryaolani,Conjioo Hotel Kuta (Formerly Instyle Hotel),9.1
Arum_P_S,Conjioo Hotel Kuta (Formerly Instyle Hotel),9.1
arzaska_z,Conjioo Hotel Kuta (Formerly Instyle Hotel),8.5
M_Yuu,Conjioo Hotel Kuta (Formerly Instyle Hotel),8.5
Kaswanto,Conjioo Hotel Kuta (Formerly Instyle Hotel),8.5
Norman_H,Conjioo Hotel Kuta (Formerly Instyle Hotel),8.4
Sarah_S_F_I,The Alea Hotel Seminyak,9.7
budi_w,The Alea Hotel Seminyak,9.7
Puteri_P,The Alea Hotel Seminyak,9.4
Gloria_Y,The Alea Hotel Seminyak,8.5
Yuke_S_D_P,The Alea Hotel Seminyak,9.7
Elizabeth_M_K,The Alea Hotel Seminyak,9.7
Helena_M,The Alea Hotel Seminyak,9.4
Janah,The Alea Hotel Seminyak,9.1
Muhammad_I_P,The Alea Hotel Seminyak,5.4
Putra,The Alea Hotel Seminyak,5.2
Miranti_M,The Kemilau Hotel & Villa Canggu,9.7
Andre_S_D,The Kemilau Hotel & Villa Canggu,6.3
Yoki_S,The Kemilau Hotel & Villa Canggu,6
Abhishek_K,The Kemilau Hotel & Villa Canggu,9.7
Alexandra_I,The Kemilau Hotel & Villa Canggu,9.4
Dara_R,The Kemilau Hotel & Villa Canggu,8.8
Daniel_S,The Kemilau Hotel & Villa Canggu,8.5
Fatima_A_A_Z,The Kemilau Hotel & Villa Canggu,6.7
Frederique_H,The Kemilau Hotel & Villa Canggu,6.2
Dominic_S,The Kemilau Hotel & Villa Canggu,6.1
HELEN_V_B_H,RedDoorz @ Uluwatu Suites,9.7
stradyvary_y,RedDoorz @ Uluwatu Suites,10
Apridyanita_P_T,RedDoorz @ Uluwatu Suites,9.4
Guest,RedDoorz @ Uluwatu Suites,8.5
Shinta,RedDoorz @ Uluwatu Suites,8.4
Enggal_F_L_S,RedDoorz @ Uluwatu Suites,6.2
Rifa_D,RedDoorz @ Uluwatu Suites,6
Roberto_G_H,RedDoorz @ Uluwatu Suites,5.9
Erwin_U_M,RedDoorz @ Uluwatu Suites,5.7
????,RedDoorz @ Uluwatu Suites,5.5
Hj_H_H,The Niche Bali,9.7
The_M_L,The Niche Bali,9.7
AlVina_R,The Niche Bali,9.7
eko_p,The Niche Bali,9.7
Yohana_S_L,The Niche Bali,9.7
Darto_T,The Niche Bali,9.7
DAspriyadi1,The Niche Bali,9.4
Dennyk_S,The Niche Bali,9.4
ririn_n,The Niche Bali,9.3
Tania_P,The Niche Bali,9.1
Bianti_D_C,TS Suites Seminyak,9.4
Muhamad_G,TS Suites Seminyak,9.4
Mario_D_S,TS Suites Seminyak,8.5
Caroline_J,TS Suites Seminyak,10
Jimmy_A,TS Suites Seminyak,10
Antonius,TS Suites Seminyak,9.7
annisa_m,TS Suites Seminyak,9.6
nikadek_l_y,TS Suites Seminyak,9.4
Ketut_W_P,TS Suites Seminyak,9.1
Viandasari_N,TS Suites Seminyak,8.5
Deny_S,Alron Hotel Kuta Powered by Archipelago,10
Meira_B,Alron Hotel Kuta Powered by Archipelago,10
ilham_k,Alron Hotel Kuta Powered by Archipelago,9.7
Rini_H,Alron Hotel Kuta Powered by Archipelago,9.7
Kharisma_A,Alron Hotel Kuta Powered by Archipelago,9.4
Ade_H,Alron Hotel Kuta Powered by Archipelago,8.7
Arif_R_A,Alron Hotel Kuta Powered by Archipelago,8.5
James_W,Alron Hotel Kuta Powered by Archipelago,9.7
Ema_S_A,Alron Hotel Kuta Powered by Archipelago,8.5
Rinova_A_S,Alron Hotel Kuta Powered by Archipelago,10
Naufal_A_S,Maison Aurelia Sanur - by Prfrence,8.5
Agnes_E_T,Maison Aurelia Sanur - by Prfrence,10
Agnes_E_T,Maison Aurelia Sanur - by Prfrence,10
Wahyudi_T,Maison Aurelia Sanur - by Prfrence,9.7
Meylanie_T,Maison Aurelia Sanur - by Prfrence,9.7
Michelle_S,Maison Aurelia Sanur - by Prfrence,8.5
Rio_M,Maison Aurelia Sanur - by Prfrence,10
Budi_W,Maison Aurelia Sanur - by Prfrence,10
Pito_S,Maison Aurelia Sanur - by Prfrence,9.7
Jessica_A,Maison Aurelia Sanur - by Prfrence,9.7
Jasmine_T,ION Bali Benoa Hotel,10
Elang_M_U,ION Bali Benoa Hotel,9.7
Eka_E,ION Bali Benoa Hotel,9.7
Guest,ION Bali Benoa Hotel,9.1
Putu_A_A_P,ION Bali Benoa Hotel,8.5
Toto_H,ION Bali Benoa Hotel,6
Sanko_S,ION Bali Benoa Hotel,5.6
Satriyo_H_P,ION Bali Benoa Hotel,9.4
Ananda_W,ION Bali Benoa Hotel,9.7
Chandra_S,ION Bali Benoa Hotel,6.1
Bayu_P,The Legian Sunset Residence,8.8
Stefanny,The Legian Sunset Residence,9.4
Alfi_R,The Legian Sunset Residence,9.7
Ivy_W,The Legian Sunset Residence,9.7
Maryatun,The Legian Sunset Residence,8.5
Elva_F,The Legian Sunset Residence,8.5
Frizal_W_S,The Legian Sunset Residence,8.5
Agustian,The Legian Sunset Residence,10
Joky_S_L,The Legian Sunset Residence,9.7
I_Made_A_N_T,The Legian Sunset Residence,9.7
Asep_M,Solia Legian Bali,9.7
Dwi_P,Solia Legian Bali,9.4
Adi_S,Solia Legian Bali,8.8
Fera_D,Solia Legian Bali,8.5
G_M_C,Solia Legian Bali,8.5
Nina_B,Solia Legian Bali,8.5
Xaverius_S,Solia Legian Bali,8.4
tikatography,Solia Legian Bali,10
tikatography,Solia Legian Bali,10
Herlina_H,Solia Legian Bali,10
I_made_h_P,Ayodya Resort Bali,10
Cecillia_Y,Ayodya Resort Bali,9.7
Amanda_T,Ayodya Resort Bali,9.7
Muh_D_P_S,Ayodya Resort Bali,9.4
Inneke_K,Ayodya Resort Bali,8.5
heri_k,Ayodya Resort Bali,10
Florencia_R,Ayodya Resort Bali,10
Iput_a,Ayodya Resort Bali,10
Andyanto,Ayodya Resort Bali,9.7
Deskiniel,Ayodya Resort Bali,9.7
Drg_K_I,Melasti Kuta Bungalows and Spa,9.1
yuliana_l,Melasti Kuta Bungalows and Spa,6.4
Bima_B_N,Melasti Kuta Bungalows and Spa,6.1
Mei,Melasti Kuta Bungalows and Spa,5.8
Michiel_V_A,Melasti Kuta Bungalows and Spa,5.1
Valentina_T_S,Melasti Kuta Bungalows and Spa,10
Peter_M_W,Melasti Kuta Bungalows and Spa,9.7
Mirhadi_K,Melasti Kuta Bungalows and Spa,9.7
Ketut_E_S,Melasti Kuta Bungalows and Spa,9.4
Fitriana_C,Melasti Kuta Bungalows and Spa,9.4
rike,Restu Bali Hotel,10
Tubagus_D_K,Restu Bali Hotel,10
Putri_C,Restu Bali Hotel,9.7
Dianti_a,Restu Bali Hotel,9.4
R,Restu Bali Hotel,9.4
Rinny_A,Restu Bali Hotel,9.1
fergiyanti_i,Restu Bali Hotel,8.8
Julaena_M,Restu Bali Hotel,8.8
Faidah,Restu Bali Hotel,8.5
halimatussadiyah,Restu Bali Hotel,8.5
Rima_N,Casa Dasa Legian,9.7
Dwi_U,Casa Dasa Legian,9.4
Liriza_F,Casa Dasa Legian,9.4
ANDI_P,Casa Dasa Legian,9.1
MIKE_S,Casa Dasa Legian,8.5
Shindy_Y_A,Casa Dasa Legian,8.5
Geby_p,Casa Dasa Legian,9.7
asih_s_r,Casa Dasa Legian,9.4
YOGA,Casa Dasa Legian,6
Zulhelmy_Z,Casa Dasa Legian,9.7
Lisda_S_H,Swiss-Belexpress Kuta Legian,10
Alghi_F_L,Swiss-Belexpress Kuta Legian,9.4
Kamaludin_N,Swiss-Belexpress Kuta Legian,9.7
Yudi_P,Swiss-Belexpress Kuta Legian,8.5
Icut_N,Swiss-Belexpress Kuta Legian,8.5
Gustom_R_M,Swiss-Belexpress Kuta Legian,10
Dinni_E_R,Swiss-Belexpress Kuta Legian,10
Dini_H,Swiss-Belexpress Kuta Legian,10
Sofyan_S,Swiss-Belexpress Kuta Legian,10
Desy_L,Swiss-Belexpress Kuta Legian,9.7
Delia_D,Padmasari Resort,10
Efrida,Padmasari Resort,9.7
Ni_Nyoman_H,Padmasari Resort,9.7
herdaru_a_p,Padmasari Resort,9.7
Farrah_L,Padmasari Resort,9.7
Elisa_N,Padmasari Resort,9.3
Nuraeni,Padmasari Resort,9.1
Tabitha_l,Padmasari Resort,9.1
I_PUTU_P_B_W,Padmasari Resort,8.5
Hany_N,Padmasari Resort,10
Muhammad_H,Sans Sunset Point Seminyak,8.8
M_Zaenal_A,Sans Sunset Point Seminyak,6
Ignatius_R_S,Sans Sunset Point Seminyak,5.8
Aldy_A_S,Sans Sunset Point Seminyak,9.7
thedy_w,Sans Sunset Point Seminyak,9.4
SISNA_A_B_S,Sans Sunset Point Seminyak,9.4
Annisa_A,Sans Sunset Point Seminyak,8.8
Inke_H,Sans Sunset Point Seminyak,8.7
ANUGRAH_C_P_K,Sans Sunset Point Seminyak,8.5
NUR_A,Sans Sunset Point Seminyak,8.5
Guest,The Evitel Resort Ubud,10
Yanti_W,The Evitel Resort Ubud,9.7
erfan,The Evitel Resort Ubud,9.1
ANGGARA_P,The Evitel Resort Ubud,9.1
Ivone_M_T,The Evitel Resort Ubud,8.8
Monica_E_E,The Evitel Resort Ubud,8.5
Eva_P,The Evitel Resort Ubud,8.5
Boy_L,The Evitel Resort Ubud,8.5
Ni_Komang_S,The Evitel Resort Ubud,6.5
Muhammad_I,The Evitel Resort Ubud,5.6
thahareza_r,ibis Bali Kuta,8.8
Fitri_N,ibis Bali Kuta,8.5
Eddo_L_S,ibis Bali Kuta,9.7
Natasha,ibis Bali Kuta,9.3
Bambang_P,ibis Bali Kuta,9.1
Made_A_K,ibis Bali Kuta,9.1
Adhi_K_T,ibis Bali Kuta,8.8
eko_p,ibis Bali Kuta,8.8
Redy_J,ibis Bali Kuta,8.5
Yoseph_M,ibis Bali Kuta,8.5
Bagus_H_W,Le Meridien Bali Jimbaran - CHSE Certified,9.7
Dian_P_D,Le Meridien Bali Jimbaran - CHSE Certified,10
julian_e,Le Meridien Bali Jimbaran - CHSE Certified,9.7
Raden_A_H_Z,Le Meridien Bali Jimbaran - CHSE Certified,9.7
Andhini_F,Le Meridien Bali Jimbaran - CHSE Certified,10
Daud_Y,Le Meridien Bali Jimbaran - CHSE Certified,10
zatalia_r,Le Meridien Bali Jimbaran - CHSE Certified,10
Aulia_M,Le Meridien Bali Jimbaran - CHSE Certified,9.7
Aulia_M,Le Meridien Bali Jimbaran - CHSE Certified,9.7
Fieckaa_E,Le Meridien Bali Jimbaran - CHSE Certified,9.7
